Frequency,MTF,NPS,NPSFit,DQE
0,0.96299,2,1,0.813323
0.004854,0.961644,0.086634,0.101665,0.813323
0.005394,0.961337,0.160986,0.103963,0.794837
0.005933,0.961001,0.141705,0.112169,0.736175
0.006472,0.960637,0.106936,0.122324,0.67455
0.007012,0.960247,0.176217,0.130751,0.630562
0.007551,0.959831,0.134644,0.136368,0.604067
0.008091,0.959391,0.103513,0.13949,0.590002
0.00863,0.958928,0.136888,0.14045,0.585406
0.009169,0.958443,0.137864,0.139577,0.588473
0.009709,0.957938,0.121347,0.137201,0.598033
0.010248,0.957415,0.121118,0.133653,0.613238
0.010787,0.956874,0.077732,0.129263,0.633346
0.011327,0.956317,0.120057,0.124362,0.657541
0.011866,0.955746,0.11834,0.11928,0.684737
0.012406,0.955162,0.103484,0.114347,0.713402
0.012945,0.954566,0.10666,0.109894,0.741384
0.013484,0.953961,0.108419,0.106245,0.76588
0.014024,0.953348,0.106539,0.103526,0.784982
0.014563,0.952728,0.107657,0.101648,0.79845
0.015102,0.952102,0.098642,0.100507,0.80645
0.015642,0.951473,0.102074,0.100002,0.80945
0.016181,0.950841,0.098624,0.100031,0.808142
0.016721,0.950208,0.106412,0.100491,0.803369
0.01726,0.949576,0.149136,0.101281,0.796046
0.017799,0.948944,0.105832,0.102297,0.787088
0.018339,0.948316,0.111673,0.103439,0.777373
0.018878,0.947691,0.094044,0.104603,0.76771
0.019417,0.947072,0.099362,0.105687,0.758841
0.019957,0.946458,0.109864,0.10659,0.75144
0.020496,0.945852,0.099065,0.107243,0.745906
0.021036,0.945254,0.088584,0.107663,0.742057
0.021575,0.944664,0.099856,0.107879,0.739651
0.022114,0.944085,0.107186,0.107919,0.73847
0.022654,0.943516,0.082171,0.107812,0.738312
0.023193,0.942958,0.118815,0.107587,0.73898
0.023732,0.942412,0.140637,0.107273,0.740286
0.024272,0.941879,0.117112,0.106898,0.742038
0.024811,0.941358,0.079438,0.106492,0.744044
0.025351,0.94085,0.11215,0.106083,0.746106
0.02589,0.940356,0.112632,0.105701,0.748021
0.026429,0.939876,0.109235,0.105373,0.749583
0.026969,0.93941,0.109695,0.105125,0.750608
0.027508,0.938958,0.089431,0.104955,0.751094
0.028047,0.938521,0.10733,0.104855,0.751111
0.028587,0.938098,0.090421,0.104814,0.750731
0.029126,0.93769,0.105431,0.104821,0.750027
0.029666,0.937296,0.124417,0.104866,0.749074
0.030205,0.936916,0.093209,0.104939,0.747945
0.030744,0.936551,0.108132,0.10503,0.746715
0.031284,0.9362,0.104596,0.105129,0.745456
0.031823,0.935863,0.105027,0.105224,0.744242
0.032362,0.935539,0.102292,0.105307,0.743144
0.032902,0.935229,0.107184,0.105366,0.742233
0.033441,0.934932,0.117708,0.105393,0.741577
0.033981,0.934648,0.109437,0.105384,0.74119
0.03452,0.934376,0.112798,0.105345,0.741031
0.035059,0.934117,0.107756,0.105283,0.741059
0.035599,0.933869,0.094993,0.105202,0.741231
0.036138,0.933633,0.102874,0.10511,0.741506
0.036677,0.933407,0.101049,0.105012,0.741842
0.037217,0.933193,0.095538,0.104913,0.742196
0.037756,0.932988,0.105751,0.104821,0.742526
0.038296,0.932794,0.098194,0.10474,0.742788
0.038835,0.932609,0.105521,0.104677,0.742942
0.039374,0.932433,0.110822,0.104637,0.742942
0.039914,0.932265,0.101557,0.104627,0.742747
0.040453,0.932106,0.094527,0.104648,0.742343
0.040992,0.931954,0.110056,0.104692,0.741795
0.041532,0.93181,0.104467,0.104745,0.741186
0.042071,0.931672,0.100105,0.104798,0.740594
0.042611,0.931542,0.115516,0.104839,0.7401
0.04315,0.931417,0.11718,0.104856,0.739782
0.043689,0.931299,0.107493,0.104838,0.739722
0.044229,0.931186,0.101154,0.104773,0.739997
0.044768,0.931078,0.102028,0.104651,0.74069
0.045307,0.930975,0.109636,0.104459,0.741884
0.045847,0.930876,0.106484,0.104187,0.743663
0.046386,0.930782,0.104372,0.103823,0.74612
0.046926,0.930692,0.098205,0.103358,0.749333
0.047465,0.930605,0.100897,0.102806,0.753216
0.048004,0.930522,0.098309,0.102196,0.757574
0.048544,0.930442,0.105667,0.101558,0.762203
0.049083,0.930365,0.094086,0.100921,0.766889
0.049622,0.93029,0.097266,0.100314,0.771409
0.050162,0.930218,0.100696,0.099765,0.775527
0.050701,0.930149,0.095268,0.099306,0.778999
0.051241,0.930081,0.104476,0.098964,0.781577
0.05178,0.930015,0.092003,0.098769,0.783008
0.052319,0.929951,0.106185,0.09875,0.783049
0.052859,0.929888,0.099065,0.098937,0.781465
0.053398,0.929827,0.096511,0.099358,0.778049
0.053937,0.929766,0.100228,0.100023,0.772781
0.054477,0.929707,0.098761,0.100891,0.766031
0.055016,0.92965,0.114745,0.101919,0.758211
0.055556,0.929592,0.109221,0.103061,0.749719
0.056095,0.929536,0.103153,0.104271,0.740925
0.056634,0.92948,0.105315,0.105505,0.73217
0.057174,0.929425,0.100759,0.106718,0.723765
0.057713,0.92937,0.107961,0.107864,0.715993
0.058252,0.929316,0.11254,0.108898,0.709113
0.058792,0.929262,0.10298,0.109774,0.703368
0.059331,0.929208,0.10506,0.110449,0.698993
0.059871,0.929155,0.107976,0.110875,0.696222
0.06041,0.929102,0.103662,0.111013,0.695279
0.060949,0.929048,0.10368,0.110866,0.696124
0.061489,0.928995,0.104633,0.110469,0.698545
0.062028,0.928942,0.117153,0.109859,0.702344
0.062567,0.928889,0.13822,0.109072,0.707329
0.063107,0.928835,0.107147,0.108144,0.713313
0.063646,0.928782,0.113346,0.107113,0.720099
0.064186,0.928728,0.106314,0.106014,0.727482
0.064725,0.928675,0.094502,0.104883,0.73524
0.065264,0.928621,0.105764,0.103757,0.743132
0.065804,0.928567,0.100534,0.102672,0.750896
0.066343,0.928512,0.094902,0.101665,0.758246
0.066882,0.928458,0.107206,0.100772,0.764879
0.067422,0.928403,0.098532,0.10002,0.770533
0.067961,0.928348,0.092802,0.099408,0.775186
0.068501,0.928293,0.103459,0.098925,0.778879
0.06904,0.928237,0.089378,0.098561,0.781665
0.069579,0.928181,0.108652,0.098305,0.783607
0.070119,0.928125,0.096608,0.098147,0.784774
0.070658,0.928068,0.094391,0.098076,0.785242
0.071197,0.928011,0.096685,0.098083,0.785089
0.071737,0.927954,0.093026,0.098157,0.784399
0.072276,0.927896,0.096733,0.098288,0.783256
0.072816,0.927839,0.10914,0.098466,0.781747
0.073355,0.92778,0.106222,0.098679,0.779957
0.073894,0.927722,0.10183,0.098919,0.77797
0.074434,0.927663,0.094523,0.099176,0.775851
0.074973,0.927603,0.100383,0.099448,0.773636
0.075512,0.927544,0.093607,0.099729,0.771357
0.076052,0.927484,0.102663,0.100016,0.769044
0.076591,0.927423,0.101825,0.100305,0.766726
0.077131,0.927363,0.102623,0.100593,0.764435
0.07767,0.927301,0.093024,0.100874,0.762197
0.078209,0.92724,0.10507,0.101147,0.760042
0.078749,0.927178,0.089836,0.101406,0.757997
0.079288,0.927116,0.101488,0.101649,0.756089
0.079827,0.927053,0.100091,0.10187,0.754344
0.080367,0.92699,0.106949,0.102067,0.752789
0.080906,0.926927,0.112312,0.102235,0.751449
0.081446,0.926863,0.106437,0.102372,0.750339
0.081985,0.926799,0.089414,0.102477,0.749463
0.082524,0.926735,0.105857,0.102551,0.748823
0.083064,0.92667,0.106942,0.102591,0.748424
0.083603,0.926605,0.107912,0.102598,0.748272
0.084142,0.926539,0.100561,0.10257,0.74837
0.084682,0.926474,0.106468,0.102506,0.748725
0.085221,0.926407,0.093064,0.102407,0.749342
0.085761,0.926341,0.102608,0.102272,0.750228
0.0863,0.926274,0.096376,0.102099,0.751391
0.086839,0.926206,0.101873,0.101887,0.752838
0.087379,0.926139,0.103985,0.101638,0.754579
0.087918,0.92607,0.098929,0.101349,0.756619
0.088457,0.926002,0.104364,0.101026,0.758922
0.088997,0.925933,0.100958,0.10068,0.761419
0.089536,0.925864,0.104606,0.10032,0.764038
0.090076,0.925795,0.097207,0.099956,0.766706
0.090615,0.925725,0.101517,0.099597,0.769347
0.091154,0.925654,0.097238,0.099255,0.771885
0.091694,0.925584,0.097628,0.098938,0.774239
0.092233,0.925513,0.099492,0.098657,0.776328
0.092772,0.925441,0.099079,0.098421,0.77807
0.093312,0.92537,0.096382,0.09824,0.77938
0.093851,0.925297,0.098649,0.098124,0.780177
0.094391,0.925225,0.097672,0.098084,0.780379
0.09493,0.925152,0.103056,0.098127,0.779912
0.095469,0.925079,0.099055,0.09825,0.778812
0.096009,0.925005,0.097379,0.09844,0.777187
0.096548,0.924931,0.100392,0.098682,0.775151
0.097087,0.924857,0.095903,0.098965,0.772814
0.097627,0.924783,0.101202,0.099274,0.770286
0.098166,0.924708,0.101275,0.099595,0.767675
0.098706,0.924632,0.099487,0.099916,0.765085
0.099245,0.924557,0.093841,0.100223,0.762619
0.099784,0.924481,0.100842,0.100502,0.760377
0.100324,0.924404,0.099363,0.10074,0.758455
0.100863,0.924327,0.099447,0.100923,0.75695
0.101402,0.92425,0.093863,0.101039,0.755959
0.101942,0.924173,0.101369,0.101073,0.755573
0.102481,0.924095,0.104849,0.101027,0.755794
0.10302,0.924017,0.106624,0.10091,0.75654
0.10356,0.923938,0.104811,0.100735,0.757726
0.104099,0.923859,0.10044,0.100513,0.759268
0.104639,0.92378,0.098466,0.100256,0.761082
0.105178,0.9237,0.09847,0.099976,0.763084
0.105717,0.92362,0.1023,0.099684,0.765185
0.106257,0.92354,0.100577,0.099393,0.767299
0.106796,0.923459,0.100886,0.099112,0.769333
0.107335,0.923378,0.097063,0.098856,0.771197
0.107875,0.923297,0.100347,0.098634,0.772795
0.108414,0.923215,0.098627,0.098459,0.774032
0.108954,0.923133,0.094671,0.098342,0.774814
0.109493,0.923051,0.096625,0.098288,0.775098
0.110032,0.922968,0.095239,0.098291,0.774934
0.110572,0.922885,0.103287,0.098344,0.774381
0.111111,0.922801,0.09662,0.098438,0.773499
0.11165,0.922717,0.09897,0.098567,0.77235
0.11219,0.922633,0.090257,0.098722,0.770993
0.112729,0.922549,0.104476,0.098897,0.76949
0.113269,0.922464,0.101328,0.099083,0.7679
0.113808,0.922378,0.096196,0.099274,0.766282
0.114347,0.922293,0.096122,0.099462,0.764695
0.114887,0.922207,0.107109,0.099639,0.763195
0.115426,0.92212,0.106787,0.099797,0.761838
0.115965,0.922034,0.09942,0.09993,0.760682
0.116505,0.921947,0.100146,0.100032,0.759767
0.117044,0.921859,0.092324,0.100103,0.75908
0.117584,0.921771,0.095961,0.100149,0.75859
0.118123,0.921683,0.104327,0.100173,0.758266
0.118662,0.921595,0.101173,0.100178,0.758077
0.119202,0.921506,0.099666,0.10017,0.757993
0.119741,0.921417,0.100529,0.100152,0.757985
0.12028,0.921327,0.101102,0.100128,0.758021
0.12082,0.921238,0.09684,0.100101,0.758073
0.121359,0.921148,0.10538,0.100077,0.75811
0.121899,0.921057,0.100811,0.100058,0.758102
0.122438,0.920966,0.096943,0.100049,0.758019
0.122977,0.920875,0.098017,0.100054,0.757831
0.123517,0.920783,0.10046,0.100077,0.757508
0.124056,0.920691,0.099715,0.100118,0.757051
0.124595,0.920599,0.094726,0.100172,0.756488
0.125135,0.920506,0.09952,0.100236,0.755852
0.125674,0.920413,0.099248,0.100306,0.755174
0.126214,0.92032,0.108405,0.100377,0.754485
0.126753,0.920226,0.103975,0.100445,0.753817
0.127292,0.920133,0.098578,0.100507,0.753201
0.127832,0.920038,0.100778,0.100558,0.752667
0.128371,0.919943,0.100865,0.100593,0.752246
0.12891,0.919848,0.099369,0.10061,0.751969
0.12945,0.919753,0.106832,0.100602,0.751867
0.129989,0.919657,0.099099,0.100568,0.75197
0.130529,0.919561,0.102043,0.100501,0.75231
0.131068,0.919465,0.098881,0.1004,0.752912
0.131607,0.919368,0.101502,0.100267,0.753754
0.132147,0.919271,0.096396,0.100107,0.754795
0.132686,0.919173,0.091609,0.099927,0.755993
0.133225,0.919075,0.09923,0.099733,0.757307
0.133765,0.918977,0.099346,0.099529,0.758695
0.134304,0.918879,0.093969,0.099322,0.760113
0.134844,0.91878,0.101924,0.099117,0.761518
0.135383,0.918681,0.097954,0.098921,0.762866
0.135922,0.918581,0.101667,0.098738,0.764112
0.136462,0.918481,0.101135,0.098575,0.765211
0.137001,0.918381,0.107713,0.098437,0.766116
0.13754,0.91828,0.101815,0.09833,0.766781
0.13808,0.918179,0.097929,0.09826,0.767162
0.138619,0.918078,0.097182,0.09823,0.767226
0.139159,0.917977,0.09766,0.098237,0.766996
0.139698,0.917875,0.09773,0.098278,0.766508
0.140237,0.917772,0.09995,0.098348,0.765796
0.140777,0.91767,0.101264,0.098441,0.764896
0.141316,0.917567,0.098336,0.098555,0.763843
0.141855,0.917464,0.095283,0.098684,0.762673
0.142395,0.91736,0.096262,0.098824,0.761421
0.142934,0.917256,0.09819,0.09897,0.760122
0.143474,0.917152,0.096269,0.099119,0.75881
0.144013,0.917047,0.092008,0.099265,0.757518
0.144552,0.916942,0.093945,0.099405,0.756281
0.145092,0.916836,0.096639,0.099533,0.755132
0.145631,0.916731,0.097632,0.099646,0.754103
0.14617,0.916625,0.10643,0.09974,0.753216
0.14671,0.916518,0.098745,0.099817,0.752463
0.147249,0.916412,0.101144,0.099878,0.751827
0.147789,0.916305,0.100653,0.099926,0.751294
0.148328,0.916197,0.09531,0.099961,0.75085
0.148867,0.916089,0.107577,0.099987,0.750479
0.149407,0.915981,0.108439,0.100005,0.750168
0.149946,0.915873,0.109297,0.100017,0.749902
0.150485,0.915764,0.101389,0.100024,0.749667
0.151025,0.915655,0.101283,0.10003,0.749448
0.151564,0.915546,0.099081,0.100035,0.749231
0.152104,0.915436,0.101398,0.100041,0.749002
0.152643,0.915326,0.099457,0.100051,0.748747
0.153182,0.915215,0.097186,0.100067,0.748451
0.153722,0.915105,0.091524,0.100089,0.748103
0.154261,0.914993,0.09984,0.100118,0.747706
0.1548,0.914882,0.096041,0.100153,0.747264
0.15534,0.91477,0.102756,0.100193,0.746785
0.155879,0.914658,0.098113,0.100237,0.746272
0.156419,0.914545,0.100193,0.100285,0.745732
0.156958,0.914433,0.098209,0.100336,0.745171
0.157497,0.91432,0.101675,0.100389,0.744593
0.158037,0.914206,0.093316,0.100443,0.744004
0.158576,0.914092,0.103357,0.100498,0.743409
0.159115,0.913978,0.100149,0.100554,0.742815
0.159655,0.913864,0.096902,0.100608,0.742226
0.160194,0.913749,0.10488,0.100661,0.741648
0.160734,0.913634,0.106268,0.100712,0.741085
0.161273,0.913518,0.103089,0.10076,0.740545
0.161812,0.913402,0.101968,0.100805,0.740032
0.162352,0.913287,0.103531,0.100844,0.739555
0.162891,0.91317,0.101464,0.100878,0.739121
0.16343,0.913053,0.101334,0.100904,0.738736
0.16397,0.912936,0.099875,0.100923,0.738409
0.164509,0.912819,0.102859,0.100933,0.738147
0.165049,0.912701,0.102075,0.100933,0.737957
0.165588,0.912583,0.099543,0.100922,0.737847
0.166127,0.912464,0.0976,0.100899,0.737823
0.166667,0.912345,0.099159,0.100863,0.737894
0.167206,0.912226,0.094645,0.100813,0.738067
0.167745,0.912107,0.092777,0.100748,0.73835
0.168285,0.911987,0.102355,0.100667,0.73875
0.168824,0.911867,0.109395,0.100569,0.739276
0.169364,0.911747,0.101124,0.100454,0.739923
0.169903,0.911626,0.098035,0.100327,0.740666
0.170442,0.911505,0.097537,0.100191,0.741475
0.170982,0.911384,0.105103,0.10005,0.74232
0.171521,0.911262,0.09905,0.099909,0.74317
0.17206,0.911139,0.10365,0.099772,0.743994
0.1726,0.911017,0.099383,0.099642,0.744763
0.173139,0.910894,0.097035,0.099524,0.745445
0.173679,0.910771,0.101171,0.099422,0.746008
0.174218,0.910648,0.102764,0.09934,0.746422
0.174757,0.910524,0.095738,0.099282,0.746654
0.175297,0.9104,0.100034,0.099252,0.746673
0.175836,0.910276,0.100382,0.099255,0.746448
0.176375,0.910151,0.100284,0.099294,0.745949
0.176915,0.910026,0.100572,0.099374,0.745148
0.177454,0.909901,0.098017,0.099492,0.744056
0.177994,0.909775,0.096603,0.099644,0.742718
0.178533,0.909649,0.095786,0.099823,0.74118
0.179072,0.909523,0.108665,0.100024,0.739487
0.179612,0.909397,0.102706,0.100241,0.737683
0.180151,0.90927,0.104098,0.100467,0.735813
0.18069,0.909142,0.098647,0.100698,0.733921
0.18123,0.909015,0.093938,0.100927,0.732049
0.181769,0.908887,0.096015,0.101149,0.730238
0.182309,0.908759,0.094523,0.101358,0.728529
0.182848,0.90863,0.100541,0.101547,0.726964
0.183387,0.908501,0.102763,0.101712,0.725581
0.183927,0.908372,0.105199,0.101846,0.72442
0.184466,0.908243,0.107437,0.101944,0.72352
0.185005,0.908113,0.103265,0.101999,0.722918
0.185545,0.907983,0.099886,0.102013,0.722611
0.186084,0.907852,0.099478,0.101989,0.722577
0.186624,0.907721,0.101781,0.101929,0.722795
0.187163,0.90759,0.102345,0.101836,0.723242
0.187702,0.907459,0.104282,0.101715,0.723897
0.188242,0.907327,0.108735,0.101567,0.724738
0.188781,0.907195,0.100319,0.101397,0.725744
0.18932,0.907063,0.102268,0.101207,0.726895
0.18986,0.90693,0.098168,0.101,0.728168
0.190399,0.906797,0.09902,0.10078,0.729543
0.190939,0.906664,0.102984,0.10055,0.730998
0.191478,0.90653,0.099439,0.100313,0.732509
0.192017,0.906396,0.098369,0.100072,0.734056
0.192557,0.906262,0.097175,0.099831,0.735615
0.193096,0.906127,0.106817,0.099591,0.737163
0.193635,0.905993,0.099335,0.099358,0.738677
0.194175,0.905857,0.098178,0.099133,0.740134
0.194714,0.905722,0.094528,0.098919,0.74151
0.195254,0.905586,0.101863,0.09872,0.742781
0.195793,0.90545,0.093216,0.098539,0.743925
0.196332,0.905313,0.09445,0.098378,0.744915
0.196872,0.905177,0.100085,0.098241,0.74573
0.197411,0.905039,0.100494,0.09813,0.746343
0.19795,0.904902,0.103055,0.09805,0.746731
0.19849,0.904764,0.095117,0.098002,0.746869
0.199029,0.904627,0.093006,0.097989,0.746736
0.199568,0.904488,0.098235,0.098016,0.746306
0.200108,0.90435,0.097443,0.098084,0.745559
0.200647,0.904211,0.099984,0.098197,0.744473
0.201187,0.904071,0.1006,0.098357,0.743028
0.201726,0.903932,0.102047,0.098565,0.741237
0.202265,0.903792,0.101171,0.098811,0.739156
0.202805,0.903652,0.097505,0.09909,0.736849
0.203344,0.903511,0.098311,0.099393,0.734373
0.203883,0.903371,0.097948,0.099713,0.73179
0.204423,0.903229,0.106969,0.100042,0.729155
0.204962,0.903088,0.098065,0.100373,0.726527
0.205502,0.902946,0.097139,0.100697,0.723958
0.206041,0.902804,0.100381,0.101008,0.721503
0.20658,0.902662,0.10001,0.101298,0.719214
0.20712,0.90252,0.101877,0.101558,0.71714
0.207659,0.902377,0.099562,0.101783,0.715333
0.208198,0.902233,0.098269,0.101963,0.713841
0.208738,0.90209,0.100763,0.102092,0.712714
0.209277,0.901946,0.104967,0.102161,0.712002
0.209817,0.901802,0.107067,0.102166,0.711745
0.210356,0.901657,0.100984,0.102109,0.711914
0.210895,0.901513,0.105584,0.101998,0.712454
0.211435,0.901368,0.098655,0.101843,0.71331
0.211974,0.901222,0.101697,0.101651,0.714427
0.212513,0.901077,0.104131,0.10143,0.715751
0.213053,0.900931,0.104403,0.101189,0.717227
0.213592,0.900784,0.106951,0.100935,0.718798
0.214132,0.900638,0.092349,0.100677,0.720408
0.214671,0.900491,0.096289,0.100422,0.722
0.21521,0.900344,0.100207,0.100179,0.723514
0.21575,0.900197,0.099593,0.099956,0.72489
0.216289,0.900049,0.098016,0.099761,0.726067
0.216828,0.899901,0.100728,0.099603,0.726985
0.217368,0.899753,0.097791,0.099488,0.727581
0.217907,0.899604,0.10279,0.099426,0.727793
0.218447,0.899455,0.098468,0.099422,0.727588
0.218986,0.899306,0.100915,0.099468,0.727005
0.219525,0.899156,0.100274,0.099559,0.7261
0.220065,0.899006,0.097943,0.099687,0.724929
0.220604,0.898856,0.09536,0.099843,0.72355
0.221143,0.898706,0.103376,0.100022,0.722018
0.221683,0.898555,0.099803,0.100214,0.720388
0.222222,0.898404,0.105656,0.100414,0.718715
0.222762,0.898253,0.101787,0.100613,0.717053
0.223301,0.898102,0.101592,0.100804,0.715454
0.22384,0.89795,0.100352,0.100979,0.713972
0.22438,0.897797,0.096668,0.101131,0.712656
0.224919,0.897645,0.102511,0.101252,0.711558
0.225458,0.897492,0.100957,0.101336,0.710729
0.225998,0.897339,0.102969,0.101374,0.710219
0.226537,0.897186,0.099892,0.10136,0.710078
0.227077,0.897032,0.103008,0.101288,0.710338
0.227616,0.896878,0.09737,0.101164,0.710962
0.228155,0.896724,0.098341,0.100995,0.711908
0.228695,0.89657,0.101427,0.100787,0.713132
0.229234,0.896415,0.097853,0.100547,0.714589
0.229773,0.89626,0.104978,0.100281,0.716235
0.230313,0.896104,0.102324,0.099997,0.718024
0.230852,0.895949,0.097659,0.0997,0.719912
0.231392,0.895793,0.094297,0.099397,0.721853
0.231931,0.895637,0.104347,0.099095,0.723797
0.23247,0.89548,0.102946,0.098801,0.725697
0.23301,0.895323,0.0988,0.098522,0.727503
0.233549,0.895166,0.098213,0.098263,0.729163
0.234088,0.895009,0.100527,0.098031,0.730627
0.234628,0.894851,0.093525,0.097834,0.731843
0.235167,0.894693,0.096046,0.097678,0.732756
0.235707,0.894535,0.092637,0.097567,0.733325
0.236246,0.894376,0.099073,0.097502,0.733557
0.236785,0.894218,0.100708,0.097478,0.733477
0.237325,0.894059,0.100982,0.097492,0.733112
0.237864,0.893899,0.097665,0.09754,0.732489
0.238403,0.89374,0.098256,0.097619,0.731637
0.238943,0.89358,0.095636,0.097725,0.730583
0.239482,0.89342,0.101022,0.097854,0.729356
0.240022,0.893259,0.095168,0.098003,0.727983
0.240561,0.893098,0.09588,0.098169,0.726493
0.2411,0.892937,0.096859,0.098347,0.724913
0.24164,0.892776,0.097967,0.098535,0.723271
0.242179,0.892614,0.09726,0.098728,0.721593
0.242718,0.892452,0.10205,0.098924,0.719907
0.243258,0.89229,0.098095,0.099118,0.718237
0.243797,0.892128,0.09839,0.099307,0.716609
0.244337,0.891965,0.09573,0.099487,0.71505
0.244876,0.891802,0.098321,0.099657,0.713572
0.245415,0.891639,0.101895,0.099815,0.712175
0.245955,0.891475,0.106728,0.099964,0.710859
0.246494,0.891311,0.097226,0.100101,0.709623
0.247033,0.891147,0.099749,0.100228,0.708465
0.247573,0.890983,0.106837,0.100343,0.707386
0.248112,0.890818,0.099515,0.100449,0.706385
0.248652,0.890653,0.097073,0.100543,0.70546
0.249191,0.890488,0.099831,0.100626,0.704613
0.24973,0.890322,0.10265,0.100699,0.703842
0.25027,0.890156,0.102898,0.100761,0.703146
0.250809,0.88999,0.100534,0.100813,0.702526
0.251348,0.889824,0.100123,0.100853,0.701982
0.251888,0.889657,0.098488,0.100883,0.701512
0.252427,0.88949,0.102614,0.100902,0.701117
0.252967,0.889323,0.102361,0.10091,0.700796
0.253506,0.889156,0.1006,0.100908,0.70055
0.254045,0.888988,0.100605,0.100895,0.700373
0.254585,0.88882,0.098213,0.100873,0.700258
0.255124,0.888652,0.100628,0.100844,0.700198
0.255663,0.888483,0.099121,0.100807,0.700186
0.256203,0.888315,0.101717,0.100765,0.700215
0.256742,0.888146,0.09726,0.100718,0.700276
0.257282,0.887976,0.097618,0.100667,0.700364
0.257821,0.887807,0.10224,0.100613,0.700471
0.25836,0.887637,0.100317,0.100557,0.700589
0.2589,0.887466,0.104704,0.100501,0.700712
0.259439,0.887296,0.101157,0.100445,0.700832
0.259978,0.887125,0.103228,0.100391,0.700942
0.260518,0.886954,0.102635,0.100339,0.701033
0.261057,0.886783,0.099186,0.100291,0.701101
0.261597,0.886612,0.102932,0.100247,0.701135
0.262136,0.88644,0.097668,0.100209,0.70113
0.262675,0.886268,0.098725,0.100177,0.701079
0.263215,0.886096,0.097592,0.100153,0.700981
0.263754,0.885923,0.100871,0.100134,0.70084
0.264293,0.88575,0.102769,0.10012,0.700662
0.264833,0.885577,0.099811,0.100111,0.70045
0.265372,0.885404,0.101965,0.100106,0.700209
0.265912,0.88523,0.101668,0.100105,0.699944
0.266451,0.885056,0.100576,0.100106,0.69966
0.26699,0.884882,0.094463,0.10011,0.699359
0.26753,0.884707,0.098026,0.100115,0.699049
0.268069,0.884533,0.098732,0.100121,0.698732
0.268608,0.884358,0.097738,0.100127,0.698413
0.269148,0.884182,0.099936,0.100133,0.698096
0.269687,0.884007,0.103707,0.100137,0.697787
0.270227,0.883831,0.099967,0.10014,0.69749
0.270766,0.883655,0.100755,0.100141,0.697208
0.271305,0.883479,0.09938,0.100138,0.696947
0.271845,0.883302,0.103101,0.100132,0.696711
0.272384,0.883125,0.10186,0.100122,0.6965
0.272923,0.882949,0.100811,0.100109,0.696311
0.273463,0.882771,0.099344,0.100094,0.696137
0.274002,0.882594,0.096938,0.100077,0.695975
0.274542,0.882416,0.096576,0.100059,0.695818
0.275081,0.882237,0.102799,0.100041,0.695662
0.27562,0.882059,0.098818,0.100024,0.695502
0.27616,0.881881,0.100617,0.100008,0.695332
0.276699,0.881702,0.099539,0.099994,0.695148
0.277238,0.881522,0.095351,0.099982,0.694944
0.277778,0.881343,0.105303,0.099974,0.694717
0.278317,0.881163,0.103677,0.099971,0.694459
0.278857,0.880983,0.100898,0.099972,0.694167
0.279396,0.880803,0.098838,0.099979,0.693835
0.279935,0.880623,0.099529,0.099992,0.693459
0.280475,0.880442,0.098342,0.100013,0.693033
0.281014,0.880261,0.102925,0.100041,0.692552
0.281553,0.88008,0.105684,0.100078,0.692013
0.282093,0.879898,0.100466,0.100122,0.691422
0.282632,0.879716,0.096541,0.100173,0.690786
0.283172,0.879535,0.104355,0.100228,0.690117
0.283711,0.879352,0.097432,0.100287,0.689424
0.28425,0.87917,0.100024,0.100349,0.688716
0.28479,0.878987,0.099198,0.100411,0.688003
0.285329,0.878804,0.097393,0.100473,0.687294
0.285868,0.878621,0.098482,0.100533,0.686599
0.286408,0.878437,0.100133,0.100589,0.685927
0.286947,0.878253,0.09806,0.100641,0.685287
0.287487,0.878069,0.09979,0.100687,0.684688
0.288026,0.877885,0.09985,0.100725,0.68414
0.288565,0.8777,0.103401,0.100754,0.683652
0.289105,0.877516,0.103007,0.100774,0.683233
0.289644,0.87733,0.097717,0.100782,0.682891
0.290183,0.877145,0.102839,0.100777,0.682638
0.290723,0.87696,0.099515,0.100757,0.68248
0.291262,0.876774,0.101535,0.100723,0.682426
0.291802,0.876588,0.0988,0.100674,0.682467
0.292341,0.876402,0.09986,0.100613,0.68259
0.29288,0.876215,0.099826,0.100542,0.682782
0.29342,0.876028,0.100025,0.100462,0.68303
0.293959,0.875841,0.101317,0.100377,0.68332
0.294498,0.875653,0.099105,0.100287,0.683641
0.295038,0.875466,0.104185,0.100195,0.683977
0.295577,0.875278,0.102853,0.100102,0.684317
0.296117,0.87509,0.10073,0.100011,0.684645
0.296656,0.874902,0.099079,0.099923,0.68495
0.297195,0.874713,0.104956,0.099841,0.685217
0.297735,0.874524,0.099419,0.099767,0.685432
0.298274,0.874335,0.102073,0.099702,0.685583
0.298813,0.874146,0.097953,0.099648,0.685655
0.299353,0.873956,0.102442,0.099608,0.685635
0.299892,0.873767,0.099751,0.099583,0.685509
0.300431,0.873577,0.101279,0.099575,0.685263
0.300971,0.873386,0.096046,0.099587,0.684886
0.30151,0.873196,0.095838,0.099616,0.684382
0.30205,0.873005,0.09767,0.099663,0.683765
0.302589,0.872814,0.099817,0.099724,0.68305
0.303128,0.872623,0.09557,0.099797,0.68225
0.303668,0.872431,0.097411,0.09988,0.681379
0.304207,0.872239,0.100627,0.099972,0.680453
0.304747,0.872047,0.097836,0.100071,0.679485
0.305286,0.871855,0.102791,0.100174,0.678488
0.305825,0.871662,0.097407,0.100279,0.677477
0.306365,0.871469,0.102048,0.100384,0.676465
0.306904,0.871276,0.10006,0.100488,0.675466
0.307443,0.871083,0.098559,0.100588,0.674493
0.307983,0.87089,0.10556,0.100683,0.67356
0.308522,0.870696,0.10001,0.10077,0.67268
0.309061,0.870502,0.098438,0.100847,0.671865
0.309601,0.870308,0.109655,0.100913,0.67113
0.31014,0.870113,0.104175,0.100965,0.670486
0.31068,0.869918,0.098903,0.101001,0.669947
0.311219,0.869723,0.103734,0.10102,0.669518
0.311758,0.869528,0.101952,0.101024,0.66919
0.312298,0.869333,0.100271,0.101015,0.668951
0.312837,0.869137,0.099696,0.100994,0.66879
0.313376,0.868941,0.102975,0.100962,0.668695
0.313916,0.868745,0.100582,0.100923,0.668656
0.314455,0.868548,0.103153,0.100877,0.668659
0.314995,0.868352,0.103717,0.100826,0.668695
0.315534,0.868155,0.095828,0.100771,0.668751
0.316073,0.867958,0.095398,0.100716,0.668815
0.316613,0.86776,0.093319,0.100661,0.668877
0.317152,0.867563,0.098503,0.100608,0.668926
0.317691,0.867365,0.100722,0.100558,0.668948
0.318231,0.867167,0.099547,0.100515,0.668934
0.31877,0.866968,0.097323,0.100478,0.66887
0.31931,0.86677,0.105681,0.100451,0.668746
0.319849,0.866571,0.102967,0.100434,0.66855
0.320388,0.866372,0.099589,0.10043,0.66827
0.320928,0.866172,0.102765,0.10044,0.667896
0.321467,0.865973,0.102048,0.100465,0.667424
0.322006,0.865773,0.09944,0.100503,0.666863
0.322546,0.865573,0.100641,0.100553,0.666223
0.323085,0.865373,0.097539,0.100614,0.665513
0.323625,0.865172,0.104324,0.100684,0.664742
0.324164,0.864972,0.10015,0.100761,0.663921
0.324703,0.864771,0.102273,0.100846,0.663058
0.325243,0.864569,0.102486,0.100935,0.662163
0.325782,0.864368,0.103606,0.101028,0.661245
0.326321,0.864166,0.100206,0.101123,0.660313
0.326861,0.863964,0.101935,0.10122,0.659377
0.3274,0.863762,0.101674,0.101315,0.658446
0.32794,0.86356,0.097814,0.101409,0.657527
0.328479,0.863357,0.106221,0.1015,0.656631
0.329018,0.863154,0.105437,0.101586,0.655766
0.329558,0.862951,0.097091,0.101666,0.654942
0.330097,0.862748,0.09857,0.101739,0.654165
0.330636,0.862544,0.101272,0.101803,0.653446
0.331176,0.86234,0.101787,0.101857,0.652792
0.331715,0.862136,0.100784,0.101899,0.652209
0.332255,0.861932,0.098255,0.101932,0.651691
0.332794,0.861728,0.10743,0.101955,0.651234
0.333333,0.861523,0.105715,0.10197,0.650832
0.333873,0.861318,0.099104,0.101976,0.650482
0.334412,0.861112,0.100758,0.101975,0.650176
0.334951,0.860907,0.098705,0.101968,0.649911
0.335491,0.860701,0.103839,0.101956,0.649682
0.33603,0.860496,0.100252,0.101938,0.649483
0.33657,0.860289,0.101794,0.101916,0.64931
0.337109,0.860083,0.100624,0.101891,0.649158
0.337648,0.859876,0.104667,0.101864,0.649022
0.338188,0.85967,0.103967,0.101834,0.648897
0.338727,0.859462,0.103034,0.101804,0.648777
0.339266,0.859255,0.100989,0.101773,0.648659
0.339806,0.859048,0.099059,0.101743,0.648538
0.340345,0.85884,0.103007,0.101715,0.648408
0.340885,0.858632,0.100618,0.101688,0.648264
0.341424,0.858423,0.101773,0.101664,0.648102
0.341963,0.858215,0.102264,0.101644,0.647917
0.342503,0.858006,0.100871,0.101627,0.647708
0.343042,0.857797,0.104461,0.101613,0.647479
0.343581,0.857588,0.095975,0.101603,0.647229
0.344121,0.857379,0.099643,0.101595,0.646962
0.34466,0.857169,0.098903,0.10159,0.646678
0.3452,0.856959,0.103672,0.101587,0.64638
0.345739,0.856749,0.103127,0.101586,0.646068
0.346278,0.856539,0.107785,0.101587,0.645746
0.346818,0.856328,0.102954,0.10159,0.645414
0.347357,0.856118,0.10084,0.101593,0.645075
0.347896,0.855906,0.101315,0.101597,0.64473
0.348436,0.855695,0.102842,0.101602,0.64438
0.348975,0.855484,0.100706,0.101607,0.644028
0.349515,0.855272,0.106254,0.101613,0.643676
0.350054,0.85506,0.100366,0.101618,0.643324
0.350593,0.854848,0.096921,0.101623,0.642975
0.351133,0.854636,0.102982,0.101627,0.64263
0.351672,0.854423,0.101186,0.10163,0.642291
0.352211,0.85421,0.102241,0.101631,0.64196
0.352751,0.853997,0.10205,0.101632,0.641638
0.35329,0.853784,0.103681,0.101631,0.641325
0.35383,0.85357,0.097218,0.101628,0.641019
0.354369,0.853357,0.097171,0.101625,0.640719
0.354908,0.853143,0.102473,0.101621,0.640425
0.355448,0.852928,0.104469,0.101616,0.640135
0.355987,0.852714,0.095559,0.10161,0.639848
0.356526,0.852499,0.102227,0.101604,0.639563
0.357066,0.852284,0.09975,0.101598,0.63928
0.357605,0.852069,0.102842,0.101592,0.638996
0.358145,0.851854,0.104361,0.101586,0.638712
0.358684,0.851638,0.101124,0.10158,0.638426
0.359223,0.851423,0.102764,0.101574,0.638137
0.359763,0.851207,0.101759,0.101569,0.637843
0.360302,0.85099,0.106412,0.101565,0.637545
0.360841,0.850774,0.100092,0.101562,0.63724
0.361381,0.850557,0.101768,0.10156,0.636928
0.36192,0.85034,0.104983,0.101559,0.636608
0.36246,0.850123,0.099711,0.10156,0.636279
0.362999,0.849906,0.107625,0.101562,0.63594
0.363538,0.849688,0.094821,0.101566,0.635589
0.364078,0.84947,0.10258,0.101572,0.635229
0.364617,0.849252,0.100979,0.101579,0.63486
0.365156,0.849034,0.101339,0.101586,0.634485
0.365696,0.848816,0.103,0.101595,0.634106
0.366235,0.848597,0.101637,0.101604,0.633724
0.366775,0.848378,0.101906,0.101613,0.633342
0.367314,0.848159,0.101128,0.101621,0.632961
0.367853,0.847939,0.102744,0.101629,0.632583
0.368393,0.84772,0.102537,0.101637,0.63221
0.368932,0.8475,0.09926,0.101643,0.631844
0.369471,0.84728,0.098631,0.101647,0.631487
0.370011,0.847059,0.100054,0.10165,0.631141
0.37055,0.846839,0.100267,0.101651,0.630806
0.37109,0.846618,0.102481,0.10165,0.630486
0.371629,0.846397,0.100016,0.101646,0.630183
0.372168,0.846176,0.10095,0.101639,0.629897
0.372708,0.845955,0.103356,0.101628,0.629631
0.373247,0.845733,0.098439,0.101615,0.629387
0.373786,0.845511,0.102103,0.101597,0.629166
0.374326,0.845289,0.099756,0.101575,0.628971
0.374865,0.845067,0.099235,0.101549,0.628801
0.375405,0.844844,0.103874,0.10152,0.628652
0.375944,0.844622,0.10412,0.101487,0.628521
0.376483,0.844399,0.105395,0.101453,0.628404
0.377023,0.844175,0.101689,0.101416,0.628296
0.377562,0.843952,0.10274,0.101379,0.628193
0.378101,0.843728,0.10049,0.101342,0.628091
0.378641,0.843505,0.100418,0.101305,0.627986
0.37918,0.84328,0.103094,0.10127,0.627873
0.37972,0.843056,0.103419,0.101236,0.627749
0.380259,0.842832,0.098687,0.101204,0.62761
0.380798,0.842607,0.106376,0.101176,0.62745
0.381338,0.842382,0.102425,0.101152,0.627268
0.381877,0.842157,0.097688,0.101132,0.627056
0.382416,0.841932,0.100411,0.101117,0.626813
0.382956,0.841706,0.104535,0.101108,0.626534
0.383495,0.84148,0.102567,0.101105,0.626214
0.384035,0.841254,0.098653,0.101109,0.62585
0.384574,0.841028,0.099327,0.101122,0.625437
0.385113,0.840801,0.095991,0.101142,0.624972
0.385653,0.840575,0.09974,0.101172,0.62445
0.386192,0.840348,0.099878,0.101211,0.623872
0.386731,0.840121,0.10394,0.101259,0.623242
0.387271,0.839893,0.100707,0.101314,0.622569
0.38781,0.839666,0.099657,0.101375,0.621856
0.38835,0.839438,0.100918,0.101441,0.62111
0.388889,0.83921,0.104969,0.101513,0.620338
0.389428,0.838982,0.103169,0.101587,0.619545
0.389968,0.838753,0.102006,0.101665,0.618737
0.390507,0.838524,0.100204,0.101743,0.61792
0.391046,0.838296,0.103075,0.101823,0.6171
0.391586,0.838067,0.101424,0.101902,0.616282
0.392125,0.837837,0.096361,0.10198,0.615473
0.392665,0.837608,0.100417,0.102056,0.614678
0.393204,0.837378,0.10441,0.102129,0.613903
0.393743,0.837148,0.102992,0.102198,0.613153
0.394283,0.836918,0.107644,0.102262,0.612434
0.394822,0.836687,0.102711,0.102319,0.611752
0.395361,0.836457,0.10178,0.10237,0.611111
0.395901,0.836226,0.104818,0.102413,0.610518
0.39644,0.835995,0.10287,0.102447,0.609978
0.39698,0.835763,0.102755,0.102471,0.609495
0.397519,0.835532,0.102247,0.102485,0.609075
0.398058,0.8353,0.099865,0.102489,0.608714
0.398598,0.835068,0.10044,0.102484,0.608405
0.399137,0.834836,0.101348,0.102471,0.608145
0.399676,0.834604,0.105733,0.10245,0.60793
0.400216,0.834371,0.105082,0.102423,0.607753
0.400755,0.834138,0.101951,0.10239,0.607611
0.401294,0.833905,0.102603,0.102352,0.607499
0.401834,0.833672,0.1,0.102309,0.607412
0.402373,0.833438,0.09933,0.102263,0.607345
0.402913,0.833205,0.101979,0.102214,0.607294
0.403452,0.832971,0.099609,0.102164,0.607255
0.403991,0.832737,0.105171,0.102112,0.607221
0.404531,0.832502,0.102663,0.10206,0.607188
0.40507,0.832268,0.101893,0.102008,0.607153
0.405609,0.832033,0.102039,0.101958,0.60711
0.406149,0.831798,0.102372,0.10191,0.607054
0.406688,0.831563,0.102122,0.101864,0.606981
0.407228,0.831327,0.101264,0.101823,0.606885
0.407767,0.831092,0.101167,0.101786,0.606763
0.408306,0.830856,0.10073,0.101754,0.606609
0.408846,0.83062,0.103407,0.101728,0.606418
0.409385,0.830384,0.100007,0.101708,0.60619
0.409924,0.830147,0.100414,0.101695,0.605925
0.410464,0.829911,0.103663,0.101687,0.605625
0.411003,0.829674,0.101997,0.101685,0.605293
0.411543,0.829436,0.099723,0.101688,0.60493
0.412082,0.829199,0.101648,0.101695,0.604539
0.412621,0.828961,0.103088,0.101707,0.60412
0.413161,0.828724,0.099817,0.101724,0.603677
0.4137,0.828486,0.099858,0.101744,0.603211
0.414239,0.828247,0.103063,0.101767,0.602724
0.414779,0.828009,0.102228,0.101794,0.602219
0.415318,0.82777,0.099376,0.101824,0.601697
0.415858,0.827532,0.102502,0.101856,0.601159
0.416397,0.827293,0.105526,0.10189,0.600609
0.416936,0.827053,0.104402,0.101927,0.600047
0.417476,0.826814,0.103543,0.101965,0.599477
0.418015,0.826574,0.106095,0.102004,0.598899
0.418554,0.826334,0.102289,0.102044,0.598316
0.419094,0.826094,0.103072,0.102085,0.597729
0.419633,0.825854,0.100573,0.102126,0.597141
0.420173,0.825613,0.102184,0.102167,0.596553
0.420712,0.825372,0.104664,0.102208,0.595968
0.421251,0.825131,0.099088,0.102248,0.595386
0.421791,0.82489,0.101704,0.102287,0.594808
0.42233,0.824648,0.099199,0.102326,0.594236
0.422869,0.824407,0.101945,0.102364,0.593669
0.423409,0.824165,0.099588,0.1024,0.593108
0.423948,0.823923,0.104645,0.102436,0.592555
0.424488,0.823681,0.104481,0.10247,0.592009
0.425027,0.823438,0.103185,0.102503,0.591471
0.425566,0.823195,0.104,0.102534,0.590942
0.426106,0.822953,0.098399,0.102564,0.590423
0.426645,0.82271,0.10136,0.102591,0.589914
0.427184,0.822466,0.100541,0.102617,0.589416
0.427724,0.822223,0.100462,0.102641,0.58893
0.428263,0.821979,0.102044,0.102663,0.588456
0.428803,0.821735,0.104188,0.102683,0.587994
0.429342,0.821491,0.100868,0.1027,0.587546
0.429881,0.821246,0.101647,0.102715,0.587112
0.430421,0.821002,0.104728,0.102727,0.586692
0.43096,0.820757,0.105055,0.102736,0.586288
0.431499,0.820512,0.104402,0.102743,0.5859
0.432039,0.820266,0.104903,0.102747,0.585528
0.432578,0.820021,0.100528,0.102748,0.585174
0.433118,0.819775,0.099727,0.102745,0.584837
0.433657,0.819529,0.101636,0.10274,0.584518
0.434196,0.819283,0.104846,0.102731,0.584215
0.434736,0.819037,0.105232,0.10272,0.583927
0.435275,0.81879,0.101924,0.102706,0.583653
0.435814,0.818544,0.101709,0.10269,0.583394
0.436354,0.818297,0.104743,0.102672,0.583147
0.436893,0.81805,0.102702,0.102651,0.582912
0.437433,0.817802,0.106338,0.102628,0.582688
0.437972,0.817554,0.101541,0.102604,0.582474
0.438511,0.817307,0.105234,0.102578,0.58227
0.439051,0.817059,0.100397,0.10255,0.582074
0.43959,0.81681,0.099712,0.102521,0.581886
0.440129,0.816562,0.102759,0.10249,0.581704
0.440669,0.816313,0.10377,0.102459,0.581529
0.441208,0.816065,0.101543,0.102426,0.581359
0.441748,0.815815,0.100497,0.102393,0.581192
0.442287,0.815566,0.101332,0.102359,0.581029
0.442826,0.815317,0.104096,0.102325,0.580869
0.443366,0.815067,0.103839,0.10229,0.580711
0.443905,0.814817,0.104119,0.102255,0.580553
0.444444,0.814567,0.100769,0.10222,0.580395
0.444984,0.814317,0.100903,0.102185,0.580237
0.445523,0.814066,0.102144,0.102151,0.580076
0.446063,0.813815,0.102938,0.102116,0.579913
0.446602,0.813564,0.102612,0.102083,0.579748
0.447141,0.813313,0.102829,0.102049,0.579579
0.447681,0.813062,0.102189,0.102017,0.579406
0.44822,0.81281,0.101534,0.101985,0.579228
0.448759,0.812558,0.099473,0.101954,0.579045
0.449299,0.812306,0.101688,0.101924,0.578857
0.449838,0.812054,0.101422,0.101895,0.578661
0.450378,0.811802,0.102578,0.101867,0.578459
0.450917,0.811549,0.100219,0.101841,0.578249
0.451456,0.811296,0.102111,0.101816,0.578031
0.451996,0.811043,0.100986,0.101792,0.577805
0.452535,0.81079,0.100289,0.10177,0.577569
0.453074,0.810536,0.098855,0.10175,0.577322
0.453614,0.810282,0.101267,0.101731,0.577066
0.454153,0.810029,0.102609,0.101715,0.576798
0.454693,0.809774,0.098935,0.1017,0.576519
0.455232,0.80952,0.104047,0.101688,0.576227
0.455771,0.809266,0.102522,0.101678,0.575923
0.456311,0.809011,0.103345,0.10167,0.575604
0.45685,0.808756,0.104096,0.101664,0.575273
0.457389,0.808501,0.104044,0.101661,0.574926
0.457929,0.808245,0.105312,0.101661,0.574564
0.458468,0.80799,0.103962,0.101663,0.574188
0.459008,0.807734,0.103357,0.101668,0.573796
0.459547,0.807478,0.104153,0.101676,0.573389
0.460086,0.807221,0.10343,0.101686,0.572967
0.460626,0.806965,0.100758,0.101699,0.572531
0.461165,0.806708,0.099063,0.101715,0.572079
0.461704,0.806452,0.098592,0.101733,0.571614
0.462244,0.806195,0.099589,0.101753,0.571133
0.462783,0.805937,0.100021,0.101777,0.570638
0.463323,0.80568,0.103953,0.101803,0.570129
0.463862,0.805422,0.103212,0.101831,0.569605
0.464401,0.805164,0.102119,0.101862,0.569067
0.464941,0.804906,0.098775,0.101895,0.568516
0.46548,0.804648,0.101307,0.101932,0.56795
0.466019,0.804389,0.099805,0.10197,0.56737
0.466559,0.80413,0.101606,0.102011,0.566777
0.467098,0.803871,0.103215,0.102055,0.56617
0.467638,0.803612,0.101681,0.102101,0.56555
0.468177,0.803353,0.099322,0.102149,0.564916
0.468716,0.803093,0.099259,0.102201,0.564269
0.469256,0.802834,0.096701,0.102254,0.563608
0.469795,0.802574,0.100418,0.10231,0.562935
0.470334,0.802313,0.104119,0.102368,0.562249
0.470874,0.802053,0.104639,0.102429,0.561551
0.471413,0.801792,0.10166,0.102492,0.560841
0.471953,0.801531,0.103697,0.102557,0.560123
0.472492,0.801271,0.101157,0.102623,0.559399
0.473031,0.801009,0.101927,0.10269,0.55867
0.473571,0.800748,0.103779,0.102757,0.557938
0.47411,0.800486,0.106315,0.102825,0.557205
0.474649,0.800224,0.104994,0.102893,0.556473
0.475189,0.799962,0.102896,0.102961,0.555744
0.475728,0.7997,0.103765,0.103027,0.555021
0.476268,0.799438,0.106879,0.103093,0.554304
0.476807,0.799175,0.102033,0.103157,0.553595
0.477346,0.798912,0.10082,0.103219,0.552898
0.477886,0.798649,0.10365,0.103279,0.552212
0.478425,0.798385,0.106649,0.103337,0.55154
0.478964,0.798122,0.108127,0.103391,0.550885
0.479504,0.797858,0.105652,0.103443,0.550247
0.480043,0.797594,0.101926,0.103491,0.549629
0.480583,0.79733,0.105898,0.103535,0.549032
0.481122,0.797066,0.103996,0.103574,0.548458
0.481661,0.796801,0.104812,0.103609,0.547909
0.482201,0.796536,0.104002,0.103639,0.547387
0.48274,0.796271,0.10145,0.103664,0.546892
0.483279,0.796006,0.106281,0.103683,0.546429
0.483819,0.795741,0.101676,0.103696,0.545996
0.484358,0.795475,0.101761,0.103703,0.545593
0.484898,0.795209,0.104531,0.103705,0.545217
0.485437,0.794943,0.103369,0.103703,0.544865
0.485976,0.794677,0.104934,0.103696,0.544534
0.486516,0.794411,0.099046,0.103686,0.544223
0.487055,0.794144,0.108176,0.103672,0.543929
0.487594,0.793877,0.104727,0.103656,0.543649
0.488134,0.79361,0.103581,0.103638,0.54338
0.488673,0.793343,0.101438,0.103617,0.54312
0.489213,0.793075,0.107885,0.103596,0.542867
0.489752,0.792808,0.102787,0.103574,0.542618
0.490291,0.79254,0.100027,0.103551,0.54237
0.490831,0.792272,0.101345,0.103528,0.542121
0.49137,0.792003,0.0976,0.103506,0.541869
0.491909,0.791735,0.098914,0.103486,0.54161
0.492449,0.791466,0.102998,0.103466,0.541343
0.492988,0.791197,0.101856,0.103449,0.541065
0.493528,0.790928,0.098467,0.103435,0.540773
0.494067,0.790659,0.100267,0.103423,0.540465
0.494606,0.790389,0.102587,0.103415,0.540139
0.495146,0.79012,0.101893,0.103411,0.539791
0.495685,0.78985,0.103461,0.103411,0.53942
0.496224,0.789579,0.103786,0.103417,0.539023
0.496764,0.789309,0.105491,0.103428,0.538598
0.497303,0.789038,0.108233,0.103444,0.538144
0.497842,0.788768,0.105599,0.103465,0.537664
0.498382,0.788497,0.10542,0.103491,0.537159
0.498921,0.788225,0.102953,0.103522,0.536633
0.499461,0.787954,0.101324,0.103556,0.536087
0.5,0.787683,0.108238,0.103593,0.535525
0.500539,0.787411,0.105746,0.103633,0.534948
0.501079,0.787139,0.106233,0.103675,0.534359
0.501618,0.786866,0.106872,0.10372,0.533761
0.502158,0.786594,0.104709,0.103766,0.533155
0.502697,0.786321,0.10578,0.103813,0.532545
0.503236,0.786048,0.103908,0.10386,0.531931
0.503776,0.785776,0.108315,0.103908,0.531318
0.504315,0.785502,0.104216,0.103956,0.530706
0.504854,0.785229,0.102982,0.104002,0.530099
0.505394,0.784955,0.104009,0.104048,0.529498
0.505933,0.784681,0.103552,0.104091,0.528906
0.506472,0.784407,0.102468,0.104133,0.528325
0.507012,0.784133,0.105432,0.104172,0.527757
0.507551,0.783859,0.103566,0.104208,0.527205
0.508091,0.783584,0.104388,0.104241,0.526671
0.50863,0.783309,0.104129,0.10427,0.526156
0.509169,0.783034,0.105126,0.104294,0.525664
0.509709,0.782759,0.102841,0.104314,0.525195
0.510248,0.782483,0.103633,0.104328,0.524754
0.510787,0.782207,0.102145,0.104337,0.524339
0.511327,0.781931,0.103669,0.104341,0.523949
0.511866,0.781655,0.102386,0.10434,0.523583
0.512406,0.781379,0.102839,0.104335,0.523237
0.512945,0.781103,0.106664,0.104327,0.522911
0.513484,0.780826,0.100803,0.104314,0.522602
0.514024,0.780549,0.10243,0.104299,0.522309
0.514563,0.780272,0.100978,0.104281,0.522028
0.515103,0.779994,0.104504,0.104261,0.521759
0.515642,0.779717,0.102896,0.104238,0.521499
0.516181,0.779439,0.104999,0.104214,0.521248
0.516721,0.779161,0.104831,0.104189,0.521001
0.51726,0.778883,0.103542,0.104163,0.520759
0.517799,0.778605,0.099338,0.104137,0.520518
0.518339,0.778326,0.104628,0.104111,0.520278
0.518878,0.778047,0.108798,0.104085,0.520035
0.519417,0.777768,0.105922,0.104059,0.519788
0.519957,0.777489,0.106116,0.104035,0.519536
0.520496,0.77721,0.107567,0.104012,0.519276
0.521036,0.77693,0.106388,0.103992,0.519006
0.521575,0.77665,0.104025,0.103973,0.518725
0.522114,0.77637,0.105867,0.103957,0.51843
0.522654,0.77609,0.103486,0.103944,0.51812
0.523193,0.77581,0.10464,0.103935,0.517793
0.523732,0.775529,0.101505,0.103929,0.517447
0.524272,0.775248,0.099091,0.103928,0.51708
0.524811,0.774967,0.104166,0.10393,0.516694
0.525351,0.774686,0.104874,0.103936,0.51629
0.52589,0.774405,0.103439,0.103945,0.515869
0.526429,0.774123,0.106057,0.103957,0.515433
0.526969,0.773841,0.102096,0.103972,0.514983
0.527508,0.773559,0.107384,0.10399,0.514522
0.528047,0.773277,0.103232,0.104009,0.51405
0.528587,0.772995,0.104801,0.10403,0.51357
0.529126,0.772712,0.104328,0.104053,0.513082
0.529666,0.772429,0.103389,0.104077,0.512588
0.530205,0.772146,0.103738,0.104102,0.51209
0.530744,0.771863,0.100856,0.104128,0.511589
0.531284,0.771579,0.105193,0.104153,0.511086
0.531823,0.771296,0.106175,0.104179,0.510584
0.532362,0.771012,0.102989,0.104205,0.510084
0.532902,0.770728,0.10208,0.10423,0.509586
0.533441,0.770444,0.102709,0.104254,0.509094
0.533981,0.770159,0.105629,0.104276,0.508607
0.53452,0.769875,0.105965,0.104298,0.508128
0.535059,0.76959,0.10274,0.104317,0.507657
0.535599,0.769305,0.104176,0.104334,0.507197
0.536138,0.769019,0.106044,0.104349,0.506749
0.536677,0.768734,0.104446,0.104361,0.506314
0.537217,0.768448,0.103929,0.10437,0.505894
0.537756,0.768162,0.103844,0.104376,0.50549
0.538296,0.767876,0.103211,0.104378,0.505103
0.538835,0.76759,0.10467,0.104377,0.504732
0.539374,0.767303,0.106217,0.104373,0.504376
0.539914,0.767017,0.101242,0.104366,0.504033
0.540453,0.76673,0.103609,0.104356,0.503703
0.540992,0.766443,0.106469,0.104344,0.503383
0.541532,0.766156,0.105527,0.10433,0.503072
0.542071,0.765868,0.104507,0.104315,0.502769
0.542611,0.76558,0.103633,0.104298,0.502472
0.54315,0.765292,0.104871,0.10428,0.50218
0.543689,0.765004,0.104698,0.104261,0.501893
0.544229,0.764716,0.104763,0.104242,0.501608
0.544768,0.764428,0.106973,0.104223,0.501324
0.545307,0.764139,0.101184,0.104203,0.501039
0.545847,0.76385,0.104965,0.104184,0.500753
0.546386,0.763561,0.102601,0.104165,0.500464
0.546926,0.763272,0.104982,0.104147,0.500171
0.547465,0.762982,0.107961,0.10413,0.499872
0.548004,0.762693,0.101019,0.104115,0.499565
0.548544,0.762403,0.101351,0.104102,0.499251
0.549083,0.762113,0.101945,0.10409,0.498926
0.549622,0.761822,0.104994,0.104081,0.498591
0.550162,0.761532,0.103324,0.104074,0.498244
0.550701,0.761241,0.101472,0.10407,0.497882
0.551241,0.76095,0.108646,0.104069,0.497506
0.55178,0.760659,0.108423,0.104072,0.497113
0.552319,0.760368,0.106162,0.104078,0.496703
0.552859,0.760076,0.1057,0.104088,0.496275
0.553398,0.759785,0.102817,0.104101,0.495831
0.553937,0.759493,0.105205,0.104117,0.495372
0.554477,0.759201,0.102945,0.104137,0.494899
0.555016,0.758908,0.102513,0.104159,0.494413
0.555556,0.758616,0.104756,0.104183,0.493916
0.556095,0.758323,0.104749,0.10421,0.493408
0.556634,0.75803,0.105882,0.104239,0.492891
0.557174,0.757737,0.099916,0.104269,0.492365
0.557713,0.757444,0.104255,0.104301,0.491833
0.558252,0.757151,0.101916,0.104335,0.491295
0.558792,0.756857,0.103523,0.104369,0.490752
0.559331,0.756563,0.104731,0.104404,0.490206
0.559871,0.756269,0.102423,0.10444,0.489657
0.56041,0.755975,0.10318,0.104476,0.489107
0.560949,0.75568,0.106617,0.104512,0.488557
0.561489,0.755386,0.104439,0.104548,0.488008
0.562028,0.755091,0.103542,0.104584,0.487461
0.562567,0.754796,0.107457,0.104619,0.486916
0.563107,0.7545,0.101935,0.104653,0.486376
0.563646,0.754205,0.10514,0.104686,0.485842
0.564186,0.753909,0.105302,0.104718,0.485314
0.564725,0.753613,0.105748,0.104749,0.484793
0.565264,0.753317,0.104239,0.104777,0.48428
0.565804,0.753021,0.102991,0.104803,0.483778
0.566343,0.752725,0.107003,0.104828,0.483285
0.566882,0.752428,0.104175,0.104849,0.482805
0.567422,0.752131,0.107925,0.104868,0.482336
0.567961,0.751834,0.106078,0.104885,0.481878
0.568501,0.751537,0.101348,0.104899,0.481431
0.56904,0.751239,0.108498,0.104912,0.480995
0.569579,0.750942,0.10292,0.104922,0.480568
0.570119,0.750644,0.105143,0.104929,0.480151
0.570658,0.750346,0.103505,0.104935,0.479742
0.571197,0.750048,0.103523,0.104939,0.479343
0.571737,0.749749,0.109665,0.104942,0.478951
0.572276,0.749451,0.101372,0.104942,0.478567
0.572816,0.749152,0.106323,0.104941,0.47819
0.573355,0.748853,0.104754,0.104938,0.477821
0.573894,0.748554,0.103595,0.104934,0.477457
0.574434,0.748254,0.107059,0.104929,0.4771
0.574973,0.747955,0.103042,0.104922,0.476749
0.575512,0.747655,0.106544,0.104915,0.476402
0.576052,0.747355,0.10642,0.104906,0.47606
0.576591,0.747055,0.109989,0.104896,0.475723
0.577131,0.746754,0.106137,0.104885,0.475389
0.57767,0.746454,0.104584,0.104873,0.47506
0.578209,0.746153,0.100596,0.104861,0.474733
0.578749,0.745852,0.105698,0.104848,0.474409
0.579288,0.745551,0.104788,0.104834,0.474087
0.579827,0.74525,0.101629,0.10482,0.473767
0.580367,0.744948,0.102711,0.104806,0.473448
0.580906,0.744646,0.102359,0.104791,0.473131
0.581446,0.744344,0.10578,0.104776,0.472815
0.581985,0.744042,0.107216,0.104762,0.472498
0.582524,0.74374,0.104756,0.104746,0.472182
0.583064,0.743437,0.104022,0.104731,0.471866
0.583603,0.743134,0.10139,0.104716,0.47155
0.584142,0.742832,0.103886,0.104701,0.471233
0.584682,0.742529,0.105474,0.104686,0.470916
0.585221,0.742225,0.105239,0.104671,0.470598
0.585761,0.741922,0.107519,0.104657,0.47028
0.5863,0.741618,0.103249,0.104642,0.46996
0.586839,0.741314,0.101208,0.104628,0.46964
0.587379,0.74101,0.103601,0.104614,0.469318
0.587918,0.740706,0.10708,0.1046,0.468994
0.588457,0.740401,0.105024,0.104586,0.468669
0.588997,0.740097,0.104758,0.104573,0.468343
0.589536,0.739792,0.107013,0.10456,0.468014
0.590075,0.739487,0.103597,0.104548,0.467683
0.590615,0.739182,0.106439,0.104536,0.46735
0.591154,0.738876,0.105411,0.104525,0.467015
0.591694,0.738571,0.105215,0.104514,0.466677
0.592233,0.738265,0.105393,0.104504,0.466336
0.592772,0.737959,0.102471,0.104494,0.465992
0.593312,0.737653,0.102883,0.104485,0.465646
0.593851,0.737346,0.106294,0.104477,0.465296
0.594391,0.73704,0.106848,0.104469,0.464942
0.59493,0.736733,0.105609,0.104463,0.464586
0.595469,0.736426,0.107336,0.104457,0.464225
0.596009,0.736119,0.102809,0.104452,0.463861
0.596548,0.735811,0.105604,0.104447,0.463493
0.597087,0.735504,0.103102,0.104444,0.46312
0.597627,0.735196,0.10543,0.104441,0.462744
0.598166,0.734888,0.103392,0.10444,0.462363
0.598706,0.73458,0.106057,0.104439,0.461978
0.599245,0.734272,0.101751,0.10444,0.461588
0.599784,0.733963,0.101337,0.104441,0.461194
0.600324,0.733655,0.102538,0.104444,0.460795
0.600863,0.733346,0.102947,0.104447,0.460391
0.601402,0.733037,0.102635,0.104452,0.459983
0.601942,0.732727,0.104448,0.104458,0.459569
0.602481,0.732418,0.105571,0.104465,0.459151
0.60302,0.732108,0.100935,0.104473,0.458727
0.60356,0.731799,0.105284,0.104482,0.458298
0.604099,0.731489,0.108014,0.104492,0.457864
0.604639,0.731178,0.104807,0.104504,0.457425
0.605178,0.730868,0.103623,0.104517,0.45698
0.605717,0.730557,0.10212,0.104531,0.45653
0.606257,0.730247,0.105787,0.104547,0.456074
0.606796,0.729936,0.104624,0.104564,0.455613
0.607336,0.729624,0.104742,0.104582,0.455145
0.607875,0.729313,0.104336,0.104601,0.454672
0.608414,0.729002,0.10938,0.104622,0.454193
0.608954,0.72869,0.107996,0.104644,0.453708
0.609493,0.728378,0.102483,0.104668,0.453217
0.610032,0.728066,0.104366,0.104693,0.45272
0.610572,0.727754,0.103141,0.10472,0.452216
0.611111,0.727441,0.103677,0.104748,0.451706
0.61165,0.727128,0.104614,0.104778,0.45119
0.61219,0.726816,0.104786,0.104809,0.450668
0.612729,0.726502,0.105225,0.104842,0.45014
0.613269,0.726189,0.10737,0.104875,0.449607
0.613808,0.725876,0.10542,0.10491,0.44907
0.614347,0.725562,0.102752,0.104946,0.44853
0.614887,0.725249,0.105031,0.104982,0.447987
0.615426,0.724935,0.106519,0.105019,0.447441
0.615965,0.72462,0.106589,0.105056,0.446895
0.616505,0.724306,0.102269,0.105094,0.446348
0.617044,0.723992,0.105929,0.105131,0.445802
0.617584,0.723677,0.107497,0.105169,0.445256
0.618123,0.723362,0.104866,0.105206,0.444711
0.618662,0.723047,0.105955,0.105242,0.44417
0.619202,0.722731,0.105035,0.105278,0.44363
0.619741,0.722416,0.104731,0.105314,0.443095
0.620281,0.7221,0.108494,0.105348,0.442564
0.62082,0.721784,0.104266,0.105381,0.442038
0.621359,0.721469,0.105805,0.105413,0.441517
0.621899,0.721152,0.106523,0.105443,0.441003
0.622438,0.720836,0.102827,0.105472,0.440496
0.622977,0.720519,0.107313,0.105499,0.439996
0.623517,0.720203,0.104169,0.105524,0.439505
0.624056,0.719886,0.102382,0.105547,0.439023
0.624595,0.719569,0.102998,0.105568,0.438551
0.625135,0.719251,0.104113,0.105586,0.438088
0.625674,0.718934,0.10321,0.105602,0.437637
0.626214,0.718616,0.103345,0.105615,0.437197
0.626753,0.718298,0.1018,0.105624,0.436769
0.627292,0.71798,0.104992,0.105631,0.436355
0.627832,0.717662,0.106314,0.105635,0.435953
0.628371,0.717344,0.108988,0.105635,0.435564
0.62891,0.717025,0.106632,0.105633,0.435187
0.62945,0.716706,0.10699,0.105628,0.43482
0.629989,0.716387,0.10623,0.105621,0.434464
0.630529,0.716068,0.106436,0.105611,0.434118
0.631068,0.715749,0.105462,0.105598,0.433781
0.631607,0.715429,0.109202,0.105584,0.433452
0.632147,0.715109,0.109202,0.105568,0.433131
0.632686,0.714789,0.104097,0.10555,0.432817
0.633225,0.714469,0.107215,0.105531,0.43251
0.633765,0.714149,0.104575,0.10551,0.432208
0.634304,0.713829,0.103522,0.105488,0.431911
0.634844,0.713508,0.104809,0.105464,0.431618
0.635383,0.713187,0.105001,0.10544,0.431329
0.635922,0.712866,0.107921,0.105415,0.431043
0.636462,0.712545,0.103298,0.105389,0.430759
0.637001,0.712224,0.105959,0.105363,0.430478
0.63754,0.711902,0.103703,0.105337,0.430197
0.63808,0.711581,0.10707,0.105311,0.429916
0.638619,0.711259,0.106881,0.105284,0.429635
0.639159,0.710937,0.104637,0.105258,0.429353
0.639698,0.710615,0.10856,0.105232,0.42907
0.640237,0.710292,0.106297,0.105206,0.428784
0.640777,0.70997,0.10487,0.105182,0.428496
0.641316,0.709647,0.104155,0.105158,0.428203
0.641855,0.709324,0.104474,0.105135,0.427907
0.642395,0.709001,0.107929,0.105113,0.427606
0.642934,0.708677,0.106646,0.105093,0.427299
0.643474,0.708354,0.103213,0.105074,0.426986
0.644013,0.70803,0.10387,0.105056,0.426667
0.644552,0.707706,0.104216,0.10504,0.426342
0.645092,0.707382,0.104042,0.105026,0.42601
0.645631,0.707058,0.104945,0.105013,0.425672
0.64617,0.706734,0.102956,0.105002,0.425327
0.64671,0.706409,0.1046,0.104992,0.424976
0.647249,0.706084,0.105014,0.104984,0.424618
0.647789,0.70576,0.105899,0.104977,0.424253
0.648328,0.705434,0.104379,0.104972,0.423882
0.648867,0.705109,0.104119,0.104969,0.423505
0.649407,0.704784,0.102656,0.104968,0.42312
0.649946,0.704458,0.103199,0.104968,0.422729
0.650485,0.704132,0.105875,0.104969,0.422331
0.651025,0.703806,0.106286,0.104973,0.421926
0.651564,0.70348,0.103882,0.104978,0.421515
0.652104,0.703154,0.107481,0.104985,0.421096
0.652643,0.702827,0.104994,0.104993,0.420671
0.653182,0.702501,0.10218,0.105004,0.420239
0.653722,0.702174,0.103068,0.105016,0.419799
0.654261,0.701847,0.103161,0.10503,0.419353
0.6548,0.70152,0.103685,0.105045,0.4189
0.65534,0.701192,0.1054,0.105063,0.418439
0.655879,0.700865,0.104934,0.105082,0.417972
0.656419,0.700537,0.106143,0.105103,0.417498
0.656958,0.700209,0.110246,0.105126,0.417016
0.657497,0.699881,0.101252,0.105151,0.416527
0.658037,0.699553,0.111157,0.105177,0.416031
0.658576,0.699224,0.105907,0.105206,0.415528
0.659115,0.698895,0.106013,0.105236,0.415018
0.659655,0.698567,0.106534,0.105268,0.4145
0.660194,0.698238,0.106498,0.105302,0.413976
0.660734,0.697909,0.106692,0.105338,0.413447
0.661273,0.697579,0.104338,0.105375,0.412912
0.661812,0.69725,0.105348,0.105413,0.412373
0.662352,0.69692,0.107159,0.105452,0.411831
0.662891,0.69659,0.105967,0.105491,0.411286
0.66343,0.69626,0.105216,0.105532,0.41074
0.66397,0.69593,0.102429,0.105572,0.410193
0.664509,0.6956,0.104687,0.105613,0.409645
0.665049,0.695269,0.10456,0.105654,0.409098
0.665588,0.694939,0.104515,0.105695,0.408551
0.666127,0.694608,0.106764,0.105735,0.408007
0.666667,0.694277,0.104461,0.105775,0.407466
0.667206,0.693946,0.105184,0.105813,0.406928
0.667745,0.693614,0.105907,0.105851,0.406394
0.668285,0.693283,0.105986,0.105888,0.405865
0.668824,0.692951,0.107862,0.105923,0.405341
0.669364,0.692619,0.105574,0.105957,0.404824
0.669903,0.692287,0.103757,0.105989,0.404314
0.670442,0.691955,0.106217,0.106019,0.403812
0.670982,0.691622,0.105452,0.106047,0.403318
0.671521,0.69129,0.106557,0.106072,0.402833
0.67206,0.690957,0.105399,0.106095,0.402358
0.6726,0.690624,0.106047,0.106116,0.401893
0.673139,0.690291,0.105199,0.106133,0.40144
0.673679,0.689958,0.107071,0.106147,0.400999
0.674218,0.689624,0.107245,0.106158,0.40057
0.674757,0.689291,0.107043,0.106166,0.400155
0.675297,0.688957,0.105957,0.106169,0.399753
0.675836,0.688623,0.108299,0.106169,0.399366
0.676375,0.688289,0.10721,0.106165,0.398994
0.676915,0.687955,0.105523,0.106158,0.398635
0.677454,0.687621,0.105686,0.106147,0.398289
0.677994,0.687286,0.107611,0.106133,0.397954
0.678533,0.686951,0.106542,0.106116,0.39763
0.679072,0.686616,0.103928,0.106096,0.397315
0.679612,0.686281,0.106024,0.106074,0.397009
0.680151,0.685946,0.104044,0.10605,0.396711
0.68069,0.685611,0.106059,0.106025,0.396419
0.68123,0.685275,0.103758,0.105997,0.396133
0.681769,0.684939,0.1043,0.105969,0.395852
0.682308,0.684603,0.103919,0.105939,0.395574
0.682848,0.684267,0.106843,0.105909,0.395299
0.683387,0.683931,0.10477,0.105878,0.395026
0.683927,0.683595,0.106368,0.105847,0.394754
0.684466,0.683258,0.108683,0.105816,0.394481
0.685005,0.682921,0.105267,0.105785,0.394208
0.685545,0.682585,0.10971,0.105754,0.393932
0.686084,0.682248,0.105056,0.105725,0.393654
0.686624,0.68191,0.107166,0.105696,0.393371
0.687163,0.681573,0.106994,0.105669,0.393083
0.687702,0.681235,0.104877,0.105643,0.39279
0.688242,0.680898,0.105827,0.105619,0.39249
0.688781,0.68056,0.106144,0.105597,0.392182
0.68932,0.680222,0.107899,0.105577,0.391865
0.68986,0.679884,0.107088,0.10556,0.391539
0.690399,0.679545,0.104106,0.105546,0.391202
0.690939,0.679207,0.107831,0.105535,0.390853
0.691478,0.678868,0.107329,0.105527,0.390492
0.692017,0.678529,0.105473,0.105523,0.390118
0.692557,0.67819,0.102191,0.105523,0.389729
0.693096,0.677851,0.102961,0.105527,0.389326
0.693635,0.677512,0.102283,0.105534,0.38891
0.694175,0.677172,0.104674,0.105545,0.38848
0.694714,0.676832,0.102602,0.105559,0.388039
0.695253,0.676493,0.106228,0.105576,0.387587
0.695793,0.676153,0.108569,0.105595,0.387125
0.696332,0.675812,0.105966,0.105618,0.386654
0.696872,0.675472,0.105978,0.105643,0.386174
0.697411,0.675132,0.10707,0.105669,0.385687
0.69795,0.674791,0.106225,0.105698,0.385192
0.69849,0.67445,0.104186,0.105729,0.384692
0.699029,0.674109,0.10639,0.105761,0.384187
0.699569,0.673768,0.103859,0.105794,0.383678
0.700108,0.673427,0.104513,0.105828,0.383165
0.700647,0.673086,0.106159,0.105864,0.38265
0.701187,0.672744,0.10759,0.105899,0.382132
0.701726,0.672402,0.104463,0.105935,0.381614
0.702265,0.67206,0.10662,0.105972,0.381096
0.702805,0.671718,0.106357,0.106008,0.380578
0.703344,0.671376,0.106093,0.106044,0.380061
0.703883,0.671034,0.105412,0.106079,0.379547
0.704423,0.670691,0.106656,0.106114,0.379036
0.704962,0.670349,0.107072,0.106148,0.378528
0.705502,0.670006,0.10514,0.10618,0.378025
0.706041,0.669663,0.107821,0.106212,0.377527
0.70658,0.66932,0.105075,0.106241,0.377035
0.70712,0.668977,0.105774,0.106269,0.376549
0.707659,0.668633,0.105174,0.106295,0.376072
0.708198,0.668289,0.106813,0.106318,0.375602
0.708738,0.667946,0.106789,0.106339,0.375142
0.709277,0.667602,0.105557,0.106358,0.374691
0.709817,0.667258,0.10851,0.106373,0.374251
0.710356,0.666914,0.106133,0.106386,0.37382
0.710895,0.666569,0.106632,0.106396,0.3734
0.711435,0.666225,0.105107,0.106403,0.372988
0.711974,0.66588,0.105009,0.106408,0.372585
0.712514,0.665535,0.106738,0.106411,0.37219
0.713053,0.66519,0.107023,0.106411,0.371802
0.713592,0.664845,0.105987,0.106409,0.371422
0.714132,0.6645,0.10755,0.106406,0.371048
0.714671,0.664154,0.109853,0.106401,0.370681
0.71521,0.663809,0.105966,0.106394,0.370319
0.71575,0.663463,0.10959,0.106385,0.369963
0.716289,0.663117,0.104996,0.106376,0.369611
0.716828,0.662771,0.108268,0.106365,0.369264
0.717368,0.662425,0.105812,0.106352,0.368921
0.717907,0.662079,0.104468,0.106339,0.36858
0.718447,0.661732,0.104975,0.106325,0.368243
0.718986,0.661385,0.104117,0.106311,0.367908
0.719525,0.661039,0.106658,0.106295,0.367576
0.720065,0.660692,0.105566,0.10628,0.367244
0.720604,0.660345,0.105701,0.106263,0.366914
0.721143,0.659997,0.104333,0.106247,0.366584
0.721683,0.65965,0.106324,0.106231,0.366255
0.722222,0.659302,0.107387,0.106215,0.365925
0.722762,0.658955,0.106228,0.106199,0.365594
0.723301,0.658607,0.107471,0.106183,0.365263
0.72384,0.658259,0.110008,0.106167,0.364929
0.72438,0.657911,0.105036,0.106153,0.364594
0.724919,0.657562,0.107969,0.106139,0.364256
0.725458,0.657214,0.103424,0.106126,0.363915
0.725998,0.656865,0.107051,0.106114,0.363571
0.726537,0.656517,0.106737,0.106103,0.363222
0.727077,0.656168,0.105328,0.106093,0.36287
0.727616,0.655819,0.10345,0.106084,0.362513
0.728155,0.65547,0.105793,0.106077,0.362152
0.728695,0.65512,0.105618,0.106071,0.361787
0.729234,0.654771,0.106466,0.106066,0.361418
0.729773,0.654421,0.104601,0.106062,0.361046
0.730313,0.654072,0.103562,0.106059,0.36067
0.730852,0.653722,0.107327,0.106057,0.360291
0.731392,0.653372,0.105552,0.106056,0.359909
0.731931,0.653022,0.106574,0.106056,0.359523
0.73247,0.652671,0.106076,0.106057,0.359135
0.73301,0.652321,0.106605,0.106058,0.358744
0.733549,0.65197,0.104421,0.106061,0.358351
0.734088,0.651619,0.1032,0.106064,0.357955
0.734628,0.651268,0.10643,0.106067,0.357557
0.735167,0.650917,0.107215,0.106072,0.357156
0.735707,0.650566,0.108377,0.106077,0.356754
0.736246,0.650215,0.108414,0.106083,0.35635
0.736785,0.649863,0.10611,0.106089,0.355944
0.737325,0.649512,0.105889,0.106095,0.355537
0.737864,0.64916,0.107767,0.106102,0.355129
0.738403,0.648808,0.107217,0.10611,0.354719
0.738943,0.648456,0.106797,0.106118,0.354308
0.739482,0.648104,0.105855,0.106126,0.353896
0.740022,0.647752,0.106364,0.106134,0.353484
0.740561,0.647399,0.107085,0.106143,0.353071
0.7411,0.647047,0.107256,0.106151,0.352657
0.74164,0.646694,0.106028,0.10616,0.352243
0.742179,0.646341,0.104577,0.106169,0.351829
0.742718,0.645988,0.104285,0.106178,0.351415
0.743258,0.645635,0.106556,0.106187,0.351001
0.743797,0.645282,0.108474,0.106196,0.350587
0.744337,0.644928,0.107881,0.106205,0.350174
0.744876,0.644575,0.104533,0.106214,0.34976
0.745415,0.644221,0.104381,0.106223,0.349348
0.745955,0.643867,0.110953,0.106232,0.348936
0.746494,0.643513,0.107405,0.10624,0.348524
0.747033,0.643159,0.106701,0.106249,0.348113
0.747573,0.642805,0.104597,0.106257,0.347702
0.748112,0.642451,0.105999,0.106266,0.347291
0.748652,0.642096,0.105876,0.106274,0.346881
0.749191,0.641741,0.106556,0.106282,0.34647
0.74973,0.641387,0.104114,0.106291,0.34606
0.75027,0.641032,0.102988,0.106299,0.345651
0.750809,0.640677,0.106482,0.106307,0.345241
0.751348,0.640321,0.105668,0.106315,0.344831
0.751888,0.639966,0.105962,0.106324,0.344422
0.752427,0.639611,0.106651,0.106332,0.344013
0.752967,0.639255,0.104901,0.10634,0.343603
0.753506,0.638899,0.107875,0.106349,0.343194
0.754045,0.638544,0.105856,0.106357,0.342785
0.754585,0.638188,0.106524,0.106366,0.342375
0.755124,0.637832,0.10444,0.106374,0.341966
0.755663,0.637475,0.105742,0.106383,0.341556
0.756203,0.637119,0.10749,0.106391,0.341147
0.756742,0.636762,0.104914,0.1064,0.340737
0.757282,0.636406,0.104059,0.106409,0.340327
0.757821,0.636049,0.105273,0.106418,0.339917
0.75836,0.635692,0.106451,0.106427,0.339506
0.7589,0.635335,0.10814,0.106436,0.339095
0.759439,0.634978,0.110419,0.106446,0.338684
0.759978,0.63462,0.108022,0.106455,0.338273
0.760518,0.634263,0.104002,0.106465,0.337861
0.761057,0.633905,0.105559,0.106475,0.337449
0.761597,0.633548,0.106771,0.106485,0.337036
0.762136,0.63319,0.107873,0.106495,0.336623
0.762675,0.632832,0.105432,0.106506,0.33621
0.763215,0.632474,0.10596,0.106516,0.335796
0.763754,0.632116,0.103039,0.106527,0.335382
0.764293,0.631757,0.107303,0.106538,0.334967
0.764833,0.631399,0.110708,0.106549,0.334553
0.765372,0.63104,0.110291,0.10656,0.334139
0.765912,0.630682,0.104885,0.106571,0.333724
0.766451,0.630323,0.106767,0.106582,0.33331
0.76699,0.629964,0.108966,0.106593,0.332896
0.76753,0.629605,0.106985,0.106604,0.332483
0.768069,0.629245,0.108309,0.106615,0.332069
0.768608,0.628886,0.104298,0.106626,0.331657
0.769148,0.628527,0.107093,0.106636,0.331245
0.769687,0.628167,0.106118,0.106647,0.330834
0.770227,0.627807,0.106889,0.106657,0.330423
0.770766,0.627447,0.107031,0.106667,0.330014
0.771305,0.627087,0.109326,0.106677,0.329605
0.771845,0.626727,0.103765,0.106686,0.329198
0.772384,0.626367,0.105582,0.106695,0.328791
0.772923,0.626007,0.10309,0.106704,0.328386
0.773463,0.625646,0.107626,0.106712,0.327983
0.774002,0.625286,0.105088,0.10672,0.32758
0.774542,0.624925,0.108255,0.106728,0.327179
0.775081,0.624564,0.108855,0.106735,0.32678
0.77562,0.624203,0.105725,0.106741,0.326382
0.77616,0.623842,0.106313,0.106747,0.325987
0.776699,0.623481,0.109859,0.106753,0.325593
0.777238,0.623119,0.104335,0.106757,0.325201
0.777778,0.622758,0.107453,0.106762,0.324811
0.778317,0.622396,0.105563,0.106765,0.324423
0.778857,0.622035,0.10775,0.106768,0.324037
0.779396,0.621673,0.10976,0.10677,0.323653
0.779935,0.621311,0.108817,0.106772,0.323272
0.780475,0.620949,0.108344,0.106773,0.322893
0.781014,0.620587,0.104008,0.106773,0.322517
0.781553,0.620224,0.10471,0.106772,0.322143
0.782093,0.619862,0.10767,0.10677,0.321771
0.782632,0.6195,0.102564,0.106768,0.321401
0.783172,0.619137,0.105334,0.106765,0.321033
0.783711,0.618774,0.105137,0.106762,0.320668
0.78425,0.618411,0.104885,0.106758,0.320303
0.78479,0.618048,0.106648,0.106753,0.319941
0.785329,0.617685,0.105976,0.106749,0.31958
0.785868,0.617322,0.108074,0.106743,0.31922
0.786408,0.616958,0.108284,0.106738,0.318861
0.786947,0.616595,0.107454,0.106731,0.318504
0.787486,0.616232,0.106078,0.106725,0.318147
0.788026,0.615868,0.109323,0.106718,0.317792
0.788565,0.615504,0.107615,0.106712,0.317437
0.789105,0.61514,0.104696,0.106705,0.317082
0.789644,0.614776,0.109198,0.106697,0.316729
0.790183,0.614412,0.106686,0.10669,0.316375
0.790723,0.614048,0.107623,0.106683,0.316022
0.791262,0.613683,0.106705,0.106675,0.315669
0.791802,0.613319,0.104792,0.106668,0.315316
0.792341,0.612954,0.110494,0.106661,0.314963
0.79288,0.612589,0.103752,0.106653,0.314609
0.79342,0.612225,0.104453,0.106646,0.314256
0.793959,0.61186,0.104459,0.106639,0.313902
0.794498,0.611495,0.106446,0.106633,0.313547
0.795038,0.611129,0.106163,0.106626,0.313191
0.795577,0.610764,0.10783,0.10662,0.312835
0.796117,0.610399,0.106976,0.106614,0.312478
0.796656,0.610033,0.108632,0.106609,0.31212
0.797195,0.609668,0.107738,0.106604,0.311761
0.797735,0.609302,0.106884,0.106599,0.3114
0.798274,0.608936,0.106126,0.106595,0.311038
0.798813,0.60857,0.108751,0.106591,0.310675
0.799353,0.608204,0.105807,0.106588,0.31031
0.799892,0.607838,0.107076,0.106586,0.309943
0.800431,0.607472,0.106267,0.106584,0.309575
0.800971,0.607105,0.105181,0.106583,0.309206
0.80151,0.606739,0.108736,0.106582,0.308836
0.80205,0.606372,0.108757,0.106581,0.308465
0.802589,0.606005,0.106877,0.10658,0.308093
0.803128,0.605639,0.109419,0.10658,0.307721
0.803668,0.605272,0.107298,0.10658,0.307349
0.804207,0.604905,0.105824,0.10658,0.306976
0.804747,0.604538,0.108068,0.10658,0.306603
0.805286,0.60417,0.107199,0.10658,0.30623
0.805825,0.603803,0.105572,0.10658,0.305858
0.806365,0.603436,0.1044,0.10658,0.305486
0.806904,0.603068,0.10699,0.10658,0.305115
0.807443,0.6027,0.106214,0.10658,0.304744
0.807983,0.602333,0.105346,0.106579,0.304375
0.808522,0.601965,0.104927,0.106578,0.304006
0.809061,0.601597,0.104549,0.106576,0.303639
0.809601,0.601229,0.107188,0.106574,0.303273
0.81014,0.600861,0.105739,0.106572,0.302908
0.81068,0.600492,0.104616,0.106569,0.302546
0.811219,0.600124,0.105954,0.106565,0.302185
0.811758,0.599756,0.107537,0.106561,0.301826
0.812298,0.599387,0.105835,0.106556,0.301469
0.812837,0.599018,0.109743,0.10655,0.301115
0.813376,0.59865,0.105197,0.106544,0.300763
0.813916,0.598281,0.103604,0.106536,0.300414
0.814455,0.597912,0.10091,0.106528,0.300067
0.814995,0.597543,0.103732,0.106518,0.299724
0.815534,0.597173,0.104774,0.106507,0.299383
0.816073,0.596804,0.108804,0.106496,0.299046
0.816613,0.596435,0.106835,0.106483,0.298712
0.817152,0.596065,0.108797,0.106469,0.298382
0.817692,0.595696,0.105076,0.106453,0.298055
0.818231,0.595326,0.108685,0.106437,0.297732
0.81877,0.594956,0.106563,0.106418,0.297413
0.81931,0.594586,0.106615,0.106399,0.297097
0.819849,0.594216,0.105359,0.106379,0.296784
0.820388,0.593846,0.10633,0.106358,0.296474
0.820928,0.593476,0.106209,0.106336,0.296166
0.821467,0.593106,0.107705,0.106313,0.29586
0.822006,0.592736,0.106763,0.106289,0.295556
0.822546,0.592365,0.106842,0.106265,0.295253
0.823085,0.591995,0.107401,0.106241,0.294951
0.823625,0.591624,0.106492,0.106217,0.29465
0.824164,0.591253,0.10718,0.106192,0.294349
0.824703,0.590882,0.104981,0.106167,0.294048
0.825243,0.590512,0.108693,0.106143,0.293747
0.825782,0.59014,0.106962,0.106119,0.293445
0.826321,0.589769,0.107567,0.106095,0.293142
0.826861,0.589398,0.105015,0.106071,0.292838
0.8274,0.589027,0.108087,0.106048,0.292533
0.82794,0.588655,0.10696,0.106026,0.292225
0.828479,0.588284,0.106817,0.106004,0.291915
0.829018,0.587912,0.10609,0.105984,0.291603
0.829558,0.587541,0.105961,0.105964,0.291288
0.830097,0.587169,0.10516,0.105946,0.29097
0.830636,0.586797,0.107485,0.105929,0.290648
0.831176,0.586425,0.106136,0.105913,0.290323
0.831715,0.586053,0.10686,0.105899,0.289993
0.832255,0.585681,0.10453,0.105887,0.289659
0.832794,0.585309,0.107929,0.105876,0.28932
0.833333,0.584936,0.106251,0.105867,0.288976
0.833873,0.584564,0.104815,0.10586,0.288627
0.834412,0.584192,0.105632,0.105856,0.288272
0.834951,0.583819,0.103096,0.105853,0.287912
0.835491,0.583446,0.103166,0.105853,0.287545
0.83603,0.583074,0.105432,0.105855,0.287172
0.83657,0.582701,0.105923,0.10586,0.286791
0.837109,0.582328,0.107586,0.105868,0.286404
0.837648,0.581955,0.106611,0.105878,0.286009
0.838188,0.581582,0.106082,0.105891,0.285608
0.838727,0.581209,0.106725,0.105906,0.2852
0.839266,0.580835,0.104599,0.105924,0.284786
0.839806,0.580462,0.107376,0.105944,0.284366
0.840345,0.580088,0.106222,0.105966,0.283942
0.840885,0.579715,0.105612,0.10599,0.283513
0.841424,0.579341,0.103117,0.106015,0.28308
0.841963,0.578968,0.108388,0.106042,0.282643
0.842503,0.578594,0.108146,0.10607,0.282203
0.843042,0.57822,0.104731,0.1061,0.28176
0.843581,0.577846,0.105501,0.10613,0.281315
0.844121,0.577472,0.106191,0.106161,0.280868
0.84466,0.577098,0.104365,0.106193,0.28042
0.8452,0.576724,0.106507,0.106226,0.279971
0.845739,0.57635,0.107089,0.106259,0.279521
0.846278,0.575975,0.10537,0.106292,0.279072
0.846818,0.575601,0.104475,0.106324,0.278622
0.847357,0.575226,0.106627,0.106357,0.278174
0.847896,0.574852,0.106122,0.10639,0.277727
0.848436,0.574477,0.105432,0.106422,0.277282
0.848975,0.574102,0.105345,0.106453,0.276838
0.849515,0.573727,0.103906,0.106484,0.276398
0.850054,0.573352,0.106514,0.106513,0.27596
0.850593,0.572977,0.104688,0.106542,0.275525
0.851133,0.572602,0.10631,0.106569,0.275095
0.851672,0.572227,0.105627,0.106595,0.274669
0.852211,0.571852,0.104869,0.106619,0.274247
0.852751,0.571477,0.107769,0.106641,0.27383
0.85329,0.571101,0.106236,0.106661,0.273418
0.85383,0.570726,0.108055,0.106679,0.273013
0.854369,0.57035,0.107852,0.106695,0.272613
0.854908,0.569975,0.107083,0.106708,0.27222
0.855448,0.569599,0.108833,0.106719,0.271834
0.855987,0.569223,0.108081,0.106727,0.271456
0.856526,0.568847,0.110142,0.106732,0.271085
0.857066,0.568471,0.109959,0.106733,0.270722
0.857605,0.568095,0.105224,0.106732,0.270368
0.858145,0.567719,0.10509,0.106728,0.27002
0.858684,0.567343,0.106799,0.106721,0.26968
0.859223,0.566967,0.107889,0.106711,0.269346
0.859763,0.566591,0.106259,0.1067,0.269019
0.860302,0.566214,0.105036,0.106685,0.268697
0.860841,0.565838,0.107834,0.106669,0.268381
0.861381,0.565461,0.109493,0.106651,0.268069
0.86192,0.565085,0.106336,0.106631,0.267762
0.86246,0.564708,0.108137,0.10661,0.267458
0.862999,0.564331,0.10649,0.106587,0.267159
0.863538,0.563954,0.104908,0.106563,0.266862
0.864078,0.563578,0.10698,0.106538,0.266568
0.864617,0.563201,0.104168,0.106513,0.266276
0.865156,0.562824,0.103852,0.106486,0.265986
0.865696,0.562447,0.107457,0.106459,0.265698
0.866235,0.562069,0.107935,0.106431,0.26541
0.866775,0.561692,0.105885,0.106404,0.265123
0.867314,0.561315,0.107941,0.106376,0.264836
0.867853,0.560937,0.105459,0.106348,0.264549
0.868393,0.56056,0.105376,0.106321,0.264261
0.868932,0.560183,0.104534,0.106294,0.263973
0.869471,0.559805,0.10616,0.106267,0.263682
0.870011,0.559427,0.10525,0.106242,0.26339
0.87055,0.55905,0.1062,0.106217,0.263095
0.87109,0.558672,0.106943,0.106194,0.262798
0.871629,0.558294,0.106375,0.106171,0.262497
0.872168,0.557916,0.104138,0.106151,0.262193
0.872708,0.557538,0.108058,0.106132,0.261885
0.873247,0.55716,0.108479,0.106114,0.261573
0.873786,0.556782,0.105475,0.106099,0.261256
0.874326,0.556404,0.106124,0.106086,0.260934
0.874865,0.556026,0.106401,0.106075,0.260606
0.875405,0.555647,0.107552,0.106066,0.260272
0.875944,0.555269,0.106442,0.106061,0.259932
0.876483,0.554891,0.103612,0.106057,0.259585
0.877023,0.554512,0.105783,0.106057,0.259232
0.877562,0.554134,0.104887,0.10606,0.258871
0.878101,0.553755,0.104866,0.106066,0.258504
0.878641,0.553376,0.107834,0.106074,0.25813
0.87918,0.552998,0.106427,0.106085,0.257751
0.879719,0.552619,0.105684,0.106098,0.257366
0.880259,0.55224,0.106178,0.106113,0.256976
0.880798,0.551861,0.108531,0.106131,0.256582
0.881338,0.551482,0.108406,0.10615,0.256182
0.881877,0.551103,0.10642,0.106172,0.255778
0.882416,0.550724,0.104932,0.106195,0.255371
0.882956,0.550345,0.107331,0.10622,0.254959
0.883495,0.549966,0.105773,0.106246,0.254545
0.884035,0.549586,0.106501,0.106274,0.254128
0.884574,0.549207,0.105614,0.106303,0.253708
0.885113,0.548828,0.107685,0.106333,0.253285
0.885653,0.548448,0.102247,0.106364,0.252861
0.886192,0.548069,0.105541,0.106397,0.252435
0.886731,0.547689,0.106365,0.106429,0.252007
0.887271,0.54731,0.105263,0.106463,0.251579
0.88781,0.54693,0.106417,0.106497,0.25115
0.88835,0.54655,0.109112,0.106532,0.25072
0.888889,0.54617,0.107458,0.106566,0.25029
0.889428,0.54579,0.106217,0.106601,0.24986
0.889968,0.545411,0.108153,0.106636,0.24943
0.890507,0.545031,0.106796,0.106671,0.249001
0.891046,0.544651,0.102488,0.106706,0.248574
0.891586,0.544271,0.105523,0.10674,0.248147
0.892125,0.54389,0.106924,0.106774,0.247722
0.892664,0.54351,0.104625,0.106807,0.247299
0.893204,0.54313,0.107771,0.10684,0.246878
0.893743,0.54275,0.107678,0.106871,0.246459
0.894283,0.542369,0.108563,0.106902,0.246043
0.894822,0.541989,0.107394,0.106932,0.24563
0.895361,0.541609,0.105079,0.10696,0.245221
0.895901,0.541228,0.107764,0.106987,0.244814
0.89644,0.540848,0.10822,0.107013,0.244412
0.89698,0.540467,0.106483,0.107037,0.244013
0.897519,0.540087,0.10834,0.107059,0.243619
0.898058,0.539706,0.106161,0.10708,0.243228
0.898598,0.539325,0.107401,0.107099,0.242842
0.899137,0.538944,0.10608,0.107116,0.242459
0.899676,0.538563,0.104981,0.107132,0.242081
0.900216,0.538182,0.108509,0.107147,0.241705
0.900755,0.537802,0.107267,0.10716,0.241334
0.901294,0.537421,0.1056,0.107172,0.240966
0.901834,0.53704,0.108438,0.107182,0.240601
0.902373,0.536659,0.10947,0.107191,0.24024
0.902913,0.536277,0.107294,0.107199,0.239881
0.903452,0.535896,0.108873,0.107205,0.239526
0.903991,0.535515,0.1065,0.10721,0.239174
0.904531,0.535134,0.106832,0.107214,0.238825
0.90507,0.534752,0.108571,0.107217,0.238478
0.905609,0.534371,0.105239,0.107219,0.238135
0.906149,0.53399,0.10769,0.107219,0.237793
0.906688,0.533608,0.106814,0.107219,0.237455
0.907228,0.533227,0.108391,0.107217,0.237119
0.907767,0.532845,0.107874,0.107215,0.236785
0.908306,0.532464,0.1056,0.107211,0.236454
0.908846,0.532082,0.107806,0.107207,0.236125
0.909385,0.5317,0.111031,0.107202,0.235798
0.909925,0.531319,0.108812,0.107196,0.235473
0.910464,0.530937,0.107288,0.107189,0.23515
0.911003,0.530555,0.106104,0.107181,0.234828
0.911543,0.530174,0.107691,0.107172,0.234509
0.912082,0.529792,0.108405,0.107163,0.234191
0.912621,0.52941,0.104561,0.107154,0.233875
0.913161,0.529028,0.105834,0.107143,0.233561
0.9137,0.528646,0.104593,0.107132,0.233248
0.914239,0.528264,0.104099,0.10712,0.232936
0.914779,0.527882,0.105499,0.107108,0.232626
0.915318,0.5275,0.106196,0.107096,0.232316
0.915858,0.527117,0.107503,0.107082,0.232008
0.916397,0.526735,0.107211,0.107069,0.231701
0.916936,0.526353,0.107264,0.107055,0.231395
0.917476,0.525971,0.108398,0.107041,0.23109
0.918015,0.525589,0.105734,0.107026,0.230786
0.918554,0.525206,0.1071,0.107011,0.230482
0.919094,0.524824,0.109247,0.106996,0.230179
0.919633,0.524441,0.107116,0.106981,0.229877
0.920173,0.524059,0.107475,0.106965,0.229575
0.920712,0.523677,0.108741,0.106949,0.229274
0.921251,0.523294,0.108628,0.106933,0.228973
0.921791,0.522911,0.107116,0.106917,0.228673
0.92233,0.522529,0.106986,0.106901,0.228373
0.922869,0.522146,0.104862,0.106885,0.228074
0.923409,0.521764,0.107318,0.106868,0.227775
0.923948,0.521381,0.108816,0.106852,0.227476
0.924488,0.520998,0.109361,0.106835,0.227177
0.925027,0.520615,0.10731,0.106819,0.226878
0.925566,0.520233,0.106696,0.106803,0.22658
0.926106,0.51985,0.103079,0.106786,0.226281
0.926645,0.519467,0.106156,0.10677,0.225982
0.927184,0.519084,0.104658,0.106754,0.225683
0.927724,0.518701,0.109286,0.106738,0.225384
0.928263,0.518318,0.106561,0.106722,0.225085
0.928803,0.517935,0.107995,0.106706,0.224786
0.929342,0.517552,0.107442,0.106691,0.224486
0.929881,0.517169,0.106476,0.106676,0.224185
0.930421,0.516786,0.106378,0.106661,0.223885
0.93096,0.516403,0.104055,0.106646,0.223584
0.931499,0.51602,0.106685,0.106632,0.223282
0.932039,0.515637,0.105312,0.106617,0.22298
0.932578,0.515254,0.10595,0.106604,0.222678
0.933118,0.514871,0.102831,0.106591,0.222374
0.933657,0.514487,0.10614,0.106578,0.22207
0.934196,0.514104,0.106318,0.106565,0.221765
0.934736,0.513721,0.106794,0.106553,0.22146
0.935275,0.513337,0.106542,0.106542,0.221153
0.935814,0.512954,0.108444,0.106531,0.220846
0.936354,0.512571,0.107884,0.10652,0.220537
0.936893,0.512187,0.104262,0.10651,0.220228
0.937433,0.511804,0.107137,0.106501,0.219917
0.937972,0.51142,0.106822,0.106493,0.219606
0.938511,0.511037,0.107791,0.106485,0.219293
0.939051,0.510653,0.105477,0.106477,0.218979
0.93959,0.51027,0.107829,0.10647,0.218664
0.940129,0.509886,0.109041,0.106464,0.218348
0.940669,0.509503,0.108434,0.106459,0.218031
0.941208,0.509119,0.105333,0.106454,0.217714
0.941748,0.508736,0.105015,0.106449,0.217395
0.942287,0.508352,0.107152,0.106445,0.217075
0.942826,0.507968,0.108019,0.106442,0.216755
0.943366,0.507585,0.106543,0.106439,0.216434
0.943905,0.507201,0.105249,0.106436,0.216112
0.944444,0.506817,0.106725,0.106434,0.215789
0.944984,0.506434,0.10793,0.106432,0.215466
0.945523,0.50605,0.104256,0.106431,0.215143
0.946063,0.505666,0.105685,0.10643,0.214819
0.946602,0.505282,0.105825,0.106429,0.214494
0.947141,0.504898,0.105844,0.106429,0.214169
0.947681,0.504515,0.107024,0.106428,0.213844
0.94822,0.504131,0.105143,0.106429,0.213518
0.948759,0.503747,0.105578,0.106429,0.213192
0.949299,0.503363,0.10967,0.10643,0.212866
0.949838,0.502979,0.108486,0.10643,0.21254
0.950378,0.502595,0.106583,0.106431,0.212214
0.950917,0.502211,0.107061,0.106433,0.211887
0.951456,0.501827,0.107493,0.106434,0.211561
0.951996,0.501443,0.108864,0.106435,0.211235
0.952535,0.501059,0.105638,0.106437,0.210909
0.953074,0.500675,0.106129,0.106438,0.210582
0.953614,0.500291,0.105329,0.10644,0.210256
0.954153,0.499907,0.105243,0.106441,0.209931
0.954693,0.499523,0.105535,0.106443,0.209605
0.955232,0.499139,0.105046,0.106444,0.20928
0.955771,0.498755,0.105132,0.106446,0.208955
0.956311,0.498371,0.104568,0.106447,0.208631
0.95685,0.497987,0.106687,0.106448,0.208307
0.957389,0.497603,0.104171,0.10645,0.207983
0.957929,0.497219,0.105347,0.106451,0.20766
0.958468,0.496835,0.10896,0.106452,0.207338
0.959008,0.49645,0.106771,0.106452,0.207016
0.959547,0.496066,0.106333,0.106453,0.206695
0.960086,0.495682,0.105769,0.106453,0.206374
0.960626,0.495298,0.106297,0.106453,0.206054
0.961165,0.494914,0.106025,0.106453,0.205735
0.961704,0.49453,0.104475,0.106453,0.205417
0.962244,0.494145,0.106261,0.106452,0.205098
0.962783,0.493761,0.104911,0.106451,0.204781
0.963323,0.493377,0.106702,0.106451,0.204464
0.963862,0.492993,0.107262,0.10645,0.204147
0.964401,0.492608,0.107347,0.106449,0.203831
0.964941,0.492224,0.107073,0.106447,0.203516
0.96548,0.49184,0.108144,0.106446,0.2032
0.966019,0.491456,0.108032,0.106445,0.202885
0.966559,0.491071,0.108387,0.106444,0.202571
0.967098,0.490687,0.109289,0.106442,0.202256
0.967638,0.490303,0.107446,0.106441,0.201942
0.968177,0.489919,0.106366,0.10644,0.201628
0.968716,0.489534,0.104995,0.106438,0.201314
0.969256,0.48915,0.104468,0.106437,0.201001
0.969795,0.488766,0.106448,0.106436,0.200687
0.970334,0.488381,0.106862,0.106435,0.200374
0.970874,0.487997,0.108066,0.106434,0.200061
0.971413,0.487613,0.106314,0.106433,0.199747
0.971953,0.487228,0.107184,0.106432,0.199434
0.972492,0.486844,0.105335,0.106431,0.199121
0.973031,0.48646,0.106196,0.106431,0.198808
0.973571,0.486075,0.107827,0.10643,0.198494
0.97411,0.485691,0.107256,0.10643,0.198181
0.974649,0.485307,0.10645,0.10643,0.197868
0.975189,0.484922,0.106322,0.10643,0.197554
0.975728,0.484538,0.108037,0.106431,0.19724
0.976268,0.484154,0.106866,0.106432,0.196926
0.976807,0.483769,0.106929,0.106433,0.196612
0.977346,0.483385,0.107525,0.106434,0.196297
0.977886,0.483001,0.106871,0.106435,0.195982
0.978425,0.482616,0.105441,0.106437,0.195667
0.978964,0.482232,0.107276,0.106439,0.195351
0.979504,0.481848,0.105306,0.106442,0.195035
0.980043,0.481463,0.105614,0.106445,0.194719
0.980583,0.481079,0.107475,0.106448,0.194402
0.981122,0.480695,0.105869,0.106452,0.194085
0.981661,0.48031,0.10515,0.106456,0.193768
0.982201,0.479926,0.104848,0.10646,0.19345
0.98274,0.479542,0.106622,0.106465,0.193131
0.983279,0.479157,0.103796,0.10647,0.192812
0.983819,0.478773,0.108458,0.106476,0.192493
0.984358,0.478389,0.107639,0.106482,0.192173
0.984897,0.478004,0.107522,0.106488,0.191853
0.985437,0.47762,0.106328,0.106495,0.191533
0.985976,0.477236,0.105254,0.106502,0.191212
0.986516,0.476851,0.105622,0.106509,0.190891
0.987055,0.476467,0.106412,0.106517,0.19057
0.987594,0.476083,0.106817,0.106525,0.190249
0.988134,0.475699,0.108152,0.106533,0.189927
0.988673,0.475314,0.107257,0.106541,0.189605
0.989213,0.47493,0.105063,0.10655,0.189283
0.989752,0.474546,0.106634,0.106559,0.188961
0.990291,0.474162,0.105902,0.106569,0.188639
0.990831,0.473777,0.104945,0.106578,0.188316
0.99137,0.473393,0.108474,0.106588,0.187994
0.991909,0.473009,0.104147,0.106598,0.187671
0.992449,0.472625,0.109016,0.106608,0.187348
0.992988,0.472241,0.105855,0.106618,0.187026
0.993528,0.471856,0.109384,0.106629,0.186703
0.994067,0.471472,0.105332,0.10664,0.18638
0.994606,0.471088,0.104925,0.106651,0.186058
0.995146,0.470704,0.104376,0.106662,0.185735
0.995685,0.47032,0.105815,0.106673,0.185413
0.996224,0.469936,0.105707,0.106684,0.18509
0.996764,0.469551,0.105325,0.106696,0.184768
0.997303,0.469167,0.10544,0.106707,0.184446
0.997842,0.468783,0.108171,0.106719,0.184123
0.998382,0.468399,0.10783,0.106731,0.183802
0.998921,0.468015,0.107797,0.106743,0.18348
0.999461,0.467631,0.106149,0.106755,0.183158
1,0.467247,0.105389,0.106767,0.182837
